Run ID,PHS_Store_MWh_PHS_Lake Logipi_store,PHS_Store_MWh_PHS_Lake Solai_store,PHS_Store_MWh_PHS_Olbollosat_store,PHS_Store_MWh_PHS_Lake Magadi_store,PHS_Store_MWh_PHS_Krinyaga_store,PHS_Store_MWh_PHS_Lake Victoria_store,PHS_Store_MWh_PHS_Seven Forks_store,PHS_Store_MWh_PHS_Lake Turkana_store,Demand coefficient,CO2 tax coefficient,Battery cost coefficient,Solar CAPEX coefficient
0,6410.5978585842,1315.7381328403371,4796.057285804679,9881.48622915645,11017.876123472606,5911.850886933069,1234.3499048990668,0.0,0.7383017682347661,3.0251588559800777,0.8810670110152787,0.9286197853632647
1,11234.53073679506,14961.210641554388,6404.932991348552,17872.64440438314,13763.174382940078,7123.079239378806,0.4122198251716073,0.0,1.0898580862374068,3.063069656051537,0.779114017622329,0.6214732762072328
10,5084.946767188502,909.9751803135248,4763.397032267964,7777.7107556560795,7777.74163879366,1575.9161180953215,6065.838571616656,0.0,0.5625317342113976,3.085011828025707,1.2919677529645979,1.4385599340156625
100,6361.691252737314,1317.426952730381,6404.071862007545,13848.490085304085,12368.986914257344,5841.636815268569,16775.98998645858,0.0,0.681954308216663,3.696461114708659,1.372001520954965,1.0190406529101725
101,14794.522276140784,25950.909364870273,11680.00616231917,20816.247850731485,13763.168846986837,9319.402031042644,7297.9846672151425,0.0,0.9182754141258072,3.672199896183123,0.9058185419405008,0.49171804843044686
102,4385.722592407736,784.7396410634381,3596.1700847652546,6404.8566625912335,7777.740631527808,1061.316817742065,2937.786550614557,0.0,0.5773889924060696,3.7231021843738006,1.0949357593634614,1.3941100492638638
103,6711.677385843181,3991.224657817721,597.239265166718,7777.92238913052,7777.769033620209,0.14722215821743342,2371.53562080015,0.0,0.36751642458143025,3.6910446715720955,1.4687453940405693,1.070279573280291
104,3591.395611687857,1006.9190460088438,3695.479918354897,11935.699586316608,10254.443779338286,4724.871575689396,11292.427316182318,0.0,0.7456808971034179,3.821963542684031,1.047472262568351,1.1562212296745715
105,4956.256951788091,577.914505066963,1.3117449213863877,6404.865398440953,7392.727487097303,1.9457175668176845,1300.910216905033,0.0,0.410319026256716,3.786388155775384,1.1679904736073916,1.227074066406488
106,2853.674798052729,663.0259039696252,977.6536455689358,6782.579421216639,6407.615880085483,4082.603046750803,0.38309099752113956,0.0,0.8092669729179889,3.6786518887250765,0.7668450797055253,1.35491125696818
107,4446.6480267261395,3532.988294343776,6013.008373566741,19394.244133509466,13763.175370812924,13136.14985500561,22725.88469923248,0.0,1.2941184576737608,3.703674838815363,0.9674254595365344,0.925198933389237
108,12721.189013019291,20882.934792539218,9433.062602573931,19681.509233966815,13763.173156848707,10797.133036378676,12748.536197258103,0.0,1.0231261118348027,3.734897092970017,0.9473665508427515,0.6411593672769563
109,3703.1125033497383,935.2016713069988,3121.7707593667005,18270.159907410492,13763.171697833743,7777.665062345081,25001.98975047742,0.0,0.9617408658980486,3.776852387164748,1.438460005952153,1.6064332814375286
11,8390.106696631246,7195.706612771655,935.8515147767787,10100.994355259007,4532.962008720193,0.10895693552142055,0.09307614085672836,0.0,0.3295360384103644,3.0339173542541125,0.814907603619946,0.8015203658068089
110,5664.711064339329,647.7475135661439,781.4014022285896,6404.840036543494,7777.724605297951,1047.8715145313788,2427.159880974278,0.0,0.4876136502292938,3.7598009922131843,1.103130285751214,1.132105102958088
111,12528.824170708787,12781.673633580871,6404.828044869607,14081.561221221169,12721.507410772123,4700.201949234567,2.722589111304886,0.0,0.6105420788240158,3.799866965456022,0.8780979810806658,0.7062195231301469
112,13857.825348928682,19362.284522488564,6404.986930549277,12328.194989650738,8355.892337267995,4658.012801029701,0.1587448304497056,0.0,0.5118835333492222,3.6858919567934065,0.7786422912000148,0.6008149670166478
113,3501.6686656238157,2293.600260764127,1.2927183816338317,12386.707104550556,13763.172889159747,6402.634102098609,0.45791186666674755,0.0,1.2887707806910527,3.8278566864609473,0.7293470405268667,0.8570721484858633
114,3685.8144915159364,3013.553232588664,6300.973555795575,23756.987311478497,13763.17489799799,15474.562379881576,25001.97399418858,0.0,1.1948116309570525,3.7537307822223713,1.2797153250654567,0.9618366284254045
115,4644.354686742248,938.3355383428244,3754.0395427614044,8549.273036222248,7777.803895859119,3318.079868480865,11322.505161902134,0.0,0.6948486945571084,2.0905329643697335,1.2098335527684991,1.450351287656425
116,6022.410350873086,3634.886181154218,6404.340072535322,24621.52133105699,13763.17289399865,14159.365426379281,25001.993472793984,0.0,1.081410203281522,2.216796380738129,1.3309466718444816,0.8137044726194549
117,5745.750425096662,989.6797135733223,4880.056241444017,17242.500193226013,13763.07910469069,7777.691468565932,23388.250055016357,0.0,0.848995259652328,2.245954426480885,1.5227448941222974,1.2942299058978914
118,2023.7603200499238,1383.9897143279134,2.4733229152274885,13289.015536147193,11422.718069572242,6459.102920427075,17915.50959514864,0.0,1.1331469479633653,2.186581008625651,1.0219830533818428,1.5128247604129452
119,8357.801349211437,8874.867001446653,2951.0131940805927,10884.511182556535,7777.824762785609,0.11495288931156544,0.6378712378147264,0.0,0.3121379271627482,2.256558799206647,1.2472361158382155,0.7378576096846594
12,4893.4449045245265,895.0909059206584,4399.297996165521,14862.923417035876,12554.138675967915,6402.723313918603,20349.968241375635,0.0,0.7842997990371559,3.011498495587253,1.3603757398033762,1.2737596094711285
120,3630.283753129983,836.6204103586346,1592.2898297361485,15095.70939702745,11296.72310837321,6616.574568581103,22449.915618656436,0.0,0.9725980853485638,2.213244788310875,1.296401622160679,1.5661390042868484
121,4957.297433586552,455.68477799675145,0.428213189358088,6404.838310960216,6122.675328195399,1.1021301435038682,0.13528351651967402,0.0,0.45720448354582066,2.159537410054407,0.8300303709042378,1.034803615290594
122,10081.084612487906,20624.019690466306,10140.38902442459,27762.580996261142,13763.17569159616,17685.87818411387,25002.008385973884,0.0,1.2110657273040004,2.1398922348279767,1.3840678250309535,0.4737460785573675
123,2867.410241091783,669.2426884753044,1722.5399102795445,6404.805669332758,7777.781825054919,1928.966023459052,13.118342039749614,0.0,0.655141509750266,2.23707839348681,0.887455999356079,1.3628318286732388
124,3167.889075139649,935.0975088034446,1725.4571838925294,15881.628705789413,13763.153997538182,7777.699449890775,18060.603052313414,0.0,0.9239271259203237,2.1541631516589264,1.0875470797422786,1.0789461638952096
125,6729.718077198065,987.0230282954067,6049.812437883671,7777.784300747083,8760.959803583539,3082.773720144038,14966.484108022307,0.0,0.5867329236899177,2.2049543934268345,1.4786371115897627,1.1506896199309433
126,5630.157064142992,370.3581924762594,0.5190836902611231,7172.841198744647,5682.061275211083,0.37657473456497453,0.33795905505416696,0.0,0.3458904669984432,2.1633742587945566,1.0311189146494624,1.212894943249867
127,4147.11071133643,839.8146243940466,3473.273587400322,11353.130726260073,9941.780755240943,4606.4987076834705,12400.073953499632,0.0,0.7474401871428618,2.183314545575398,1.1440356018368243,1.3057351103412365
128,6817.209019755903,1217.6110715640013,1.090291663532007,8645.432911055379,2079.772803017452,0.2954146758728754,0.11435451737950687,0.0,0.3829552542740645,2.095261098610075,0.7702373416068579,0.9356679030432635
129,12538.439547993403,18109.242764831542,7777.900097680485,17992.07840084082,13763.167421916018,7777.805063278109,8777.751914668486,0.0,0.8309924149600274,2.225442218367282,0.9583165177142179,0.6608893783187166
13,5627.333902285097,458.7456118642601,0.6122455479816291,3982.7483853795907,1828.2833099750071,0.4356240552515489,0.4911254077586616,0.0,0.37596352442979947,3.0012670955840415,0.9016906813991583,1.4947575698350293
130,1981.8067439914464,1552.5760909441688,85.90745601350113,15169.482764583541,13763.135793949856,7789.9351279649945,9478.155517306259,0.0,1.2994927986893532,2.1435939147297667,0.9286550747198037,1.5813330965883285
131,4482.993309424383,1224.76838623511,3661.9551318205095,23145.91462950876,13763.171918484562,10320.684986686156,25001.998825798804,0.0,1.0232227180501512,2.1134483321526827,1.4619457763771417,1.142030481722653
132,10277.446400433751,13908.856786999708,7575.67771838572,19622.723734363684,13763.175147349493,10729.374371802089,21812.706798369094,0.0,0.9539601540010909,2.2503588891131803,1.1101230965611681,0.6964759256783455
133,12554.38743047338,18510.179757849062,6300.134037668935,12942.20281805787,10504.795790265181,3937.909314083703,0.3527400765526341,0.0,0.49097318973405696,2.176525955929662,0.8804678349268057,0.6171452855187843
134,7566.125412434527,4193.461602033186,2723.2484824360786,8430.281413362896,7346.416530381883,2624.338862057378,0.31054664776133695,0.0,0.6052740221959925,2.1208752785036196,0.7903081293827279,0.8562818984682163
135,4793.93513326295,499.2711842400612,1.2707779302345008,6404.8053652719345,3489.8917622892113,668.193929412582,0.20812878971195958,0.0,0.5447607891271591,2.1952593610831457,0.7,0.9803677558396902
136,8369.358181989868,13769.476788283137,7872.834250119189,26677.495216587835,13763.175385756278,18275.027737071738,25001.998633335803,0.0,1.2577631077706217,2.131616220508289,1.278538248247433,0.556779304248663
137,12085.00730843868,25677.03035814576,11661.119961205788,27992.850329439683,13763.176201508637,17110.420305168616,25002.00785402149,0.0,1.1652688812838385,2.1100322318065117,1.4300939539816189,0.41872956921694116
138,6008.871005184077,964.0188462707342,4847.140741478374,11072.355763914742,9140.952510756968,5126.163870055736,15001.329560441178,0.0,0.7225879429427362,1.248773164901842,1.3338702588888447,1.2595427776766892
139,3856.7020426317326,1311.5352133257188,1571.3529867078053,16910.547384663107,13763.175370088149,7777.775894691714,25001.907987623166,0.0,1.0661533310301923,1.3238279635771237,1.54,1.497974166281885
14,8189.662261531904,8140.943642269229,6404.845461354925,17703.029040415622,13763.174363363772,7777.777449087942,15460.067018114436,0.0,0.8149530255625299,3.113202812763911,1.0690949322676309,0.7747781548071053
140,8775.380187261731,8096.315360472162,6404.413135722306,17620.247530618035,13763.167610648034,7777.772885437785,13708.574070007058,0.0,0.8428706220962903,1.3679415454400523,1.009076971770525,0.7422181678903823
141,3436.3671794861307,1617.2353256492659,91.56906749117934,14314.227748432257,13763.138041140126,7030.275566662895,24446.878272049682,0.0,1.138032437357818,1.275524632667814,1.2439731982961337,1.5239050352036694
142,7019.3806192907,5808.83738606595,0.2345602685013677,7584.562209408587,6056.265691945756,0.05526165571190077,0.13200531732929238,0.0,0.29424777082416603,1.2164826199872385,1.3132179990215596,1.0133753217282937
143,13729.381774172958,25077.443725594876,9502.675341420456,19841.199589858286,13763.175337344235,9210.83217545309,1.4109671392504852,0.0,1.0092944188006947,1.3581143492368197,0.8345254530916708,0.503024762856518
144,5424.139760451916,620.3180028471755,2.2623664277993685,6299.910120359381,7760.168505823689,370.054271468346,2446.0897351954427,0.0,0.44169869062804257,1.2981035433271553,1.3887355582469767,1.3916223815947697
145,2326.083947088904,1611.8660456085138,395.317608770981,18365.401538198414,13763.175269961715,8754.411621649946,12592.53960042361,0.0,1.2397907037547242,1.2868843588529877,0.9165956205956294,1.0423210839717052
146,4521.549221665623,897.8277993592982,4877.635459740924,8706.45667427954,9344.170152617817,3197.6345217704784,5501.737175368992,0.0,0.6854817946191578,1.2364365317080477,1.074457058232909,1.1899074675570285
147,5332.727741530376,881.1042527979619,3220.017409959688,18365.444677583193,13763.169763244743,8319.321512254508,24999.411962306964,0.0,0.9224973510070233,1.3171051632070032,1.4758866155653925,1.2103646594486823
148,4088.8740159002996,759.1281385707639,3205.0823540611323,6404.815791006675,7777.725664724317,1240.6215988117806,2523.493248342416,0.0,0.5939983325865688,1.281361046000114,1.061684235147041,1.310595882572595
149,7402.108185019414,5206.8151047688225,1.2961018315021686,8983.157716641983,7327.553153240103,0.22412812048412578,0.5805687523360941,0.0,0.35337083111046275,1.3785395762240613,1.1629451402442261,0.9118219223436146
15,3583.367606637891,2920.87184802765,4508.780219394949,23993.166743250476,13763.172518068899,15211.584530009897,25001.98380239059,0.0,1.3094271597469112,2.97412309507713,1.4764492852924467,1.524798654053395
150,12121.779617982807,17295.355520649828,6299.997327150908,11930.719526310018,11404.950128692102,4473.062845266179,0.21186155070138765,0.0,0.7638578786150029,1.3875021766962332,0.7387275480131558,0.6383408390747749
151,5220.13819010753,433.66078014924017,0.40890587747421014,2330.0731222854365,4631.5278216962915,0.3594476030246028,0.3013285621258745,0.0,0.41488106354019627,1.255354502740831,0.9660626717920965,1.5910950400941648
152,2998.0936608933366,793.2336739266758,2162.188557034433,10464.66996720952,9634.870750681062,4854.8068766095,6982.625305068679,0.0,0.7877317935341819,1.3123696828048217,0.9442578417093448,1.1209124695061061
153,6737.039394595146,9596.10272115845,7777.756075794959,28177.58997125568,13763.174452665755,19639.229912473817,25001.994390748067,0.0,1.3188579892285424,1.3391954035504225,1.4521432426747822,0.7092847744707863
154,12574.195139407344,21709.028002645067,8854.591377139996,22055.801667883916,13763.175792881048,14288.507238538552,23351.816039677513,0.0,1.032982077877903,1.3485195362399491,1.116338277749009,0.5960688554178861
155,6324.643250553963,1949.2563399238327,4646.907482363387,13355.234964986015,13763.164299726608,7638.3192186547385,2046.0544389795107,0.0,0.9348843451201618,1.3598237085632094,0.8615713836300654,0.864276103915125
156,5282.694244665096,638.9930648589434,0.8160970054058523,7314.448620004039,5340.360010136356,61.58467964126623,0.14940760992994845,0.0,0.4669805864750691,1.3296252000452544,0.7810220377977226,0.952299751529059
157,13306.988620389056,20630.73435661221,6404.911631532954,11276.882341085215,9134.501690736022,4664.008967085662,0.14808585786739561,0.0,0.6205076683669292,1.2989405996998695,0.7148104235856415,0.5483907316719072
158,15752.402621584584,22405.212020120165,7777.784577033101,18504.436047841977,13763.161587797716,8720.214927516974,18222.15942441276,0.0,0.5464775041865093,1.2616692405100747,1.2724637150650941,0.44056891728430153
159,4072.4422012213977,2016.4867084963216,2958.9081298210904,18762.358474356155,13763.17453917588,11215.23482549062,25001.9871876054,0.0,1.2589215071373079,1.2389305800607275,1.4220320630085066,1.4280798537861055
16,3050.548849122737,1643.8290365396392,2200.427274166613,17826.21695292005,13763.174800649598,9041.379932876947,21438.526931926008,0.0,1.0429298783401868,3.0483252797348706,1.0417790363356791,1.004851783063544
160,5186.558989233162,2933.2048488178552,6299.5549464687565,22851.047297565343,13763.173614449444,15644.510675925967,25001.898172650053,0.0,1.1703356450546494,1.223529353595572,1.1924247837508302,0.8275395946098241
161,8149.320544433094,6408.351192749807,6404.7068104325535,21687.287921406987,13763.168660627132,6826.122238775427,20639.836429469648,0.0,0.7243170211832906,0.4299493990682867,1.5334373374984132,0.7625533844685928
162,3004.538218226549,891.537017545653,0.8694812435463306,9576.164346222911,7777.739883941334,6402.5579061776925,7824.50444537317,0.0,1.0707893301777063,0.41659897972632215,0.9976579911370252,1.5633743872087602
163,5844.620580182151,901.1227852798963,2336.727613599684,14095.502755404363,13450.216477694183,7530.6122457868005,16555.074500965446,0.0,0.8705196792268124,0.4785012189995516,1.2162433174488916,1.0358671770603842
164,13275.38660224943,28396.168706944263,11648.727395579628,26297.97630373214,13763.175005302743,16579.904934018083,25001.913424285918,0.0,1.1099605493436808,0.5130708331700844,1.3024517170427856,0.4988726593169327
165,4813.586788942379,369.156728102452,0.10849403989391301,4803.678060899293,1.2864538695071677,0.052080097352485984,0.06367737669614665,0.0,0.28378089612574764,0.3490806911889878,0.8197467324178769,1.3583370108418187
166,5498.087180777587,968.985040964861,1572.5710161538243,18363.711268540526,13763.174592765807,9737.773318438314,23618.872196890752,0.0,1.0128574886709218,0.3976148823351089,1.3809753755511371,1.083572074848003
167,3485.569649898633,403.8539045504301,0.3338679655532441,4910.244872173449,4899.565247542269,0.24130928127970694,0.19836846962165178,0.0,0.4376897450886492,0.42595951329058496,0.8839421728158735,1.166375337452249
168,2664.860693653973,1290.5905996653762,4.484779955959552,14898.742720605127,13051.94099387501,7777.843620831265,14853.258484157894,0.0,1.2266197229496216,0.4396677091705242,1.0758860317728764,1.2304462603848045
169,6410.33850607018,990.2220125747914,5254.360578134888,8540.993077114033,7777.744856382639,3355.3147487127317,12729.122345295767,0.0,0.6595971997559711,0.4591692155451705,1.484200614680365,1.3352799423181017
17,14836.64662463522,26916.62706364119,13405.244533619734,23414.947939000132,13763.175368618919,13665.778599932624,21731.975626593707,0.0,0.9678712961649996,3.013528430588985,1.1482482737489805,0.49449734094216247
170,4018.1943011344065,1054.818378796512,2322.031690045999,14531.03200839024,13220.683222845082,7654.718985125204,13720.897752713952,0.0,0.8906029861929232,0.5098323500509379,1.044223250343364,0.9334490805845417
171,9370.816652776914,16544.853550600143,5467.4096128861465,15094.90545695024,13763.01230977101,5512.209952936591,10787.197616328545,0.0,0.5610883820655022,0.4425657278453627,1.1552149719756644,0.6299355025322028
172,5638.860669519163,410.9517382050926,0.19492026022825182,2229.709372895205,116.17781913418037,0.10993326461239995,0.08339158672640865,0.0,0.3618004899382546,0.4697700373253444,0.7564360139395445,1.611432110375006
173,3527.393062492341,735.1422307347963,1970.9682975537387,9957.349827536471,8078.2590318021985,4673.1799440651275,5661.896079327146,0.0,0.7860305051466305,0.45396764973476217,0.9589805313899615,1.116692225722199
174,7962.186545921738,12459.674591328152,4048.7278335065307,12064.54570205497,7777.7645399136545,3.830507902483183,0.4660488027136309,0.0,0.39894992289658765,0.5002109413883471,0.9499557940674981,0.6907342621493913
175,10031.593638236376,18954.005651668638,6461.0242865933415,25165.036371107988,13763.173839674999,9236.262797447785,23782.939363468027,0.0,0.8201408286559324,0.3925677024237235,1.4573203724368944,0.6095763959377192
176,4985.773627437234,3285.5135847580796,5075.069533398082,21824.72920089218,13763.167591104997,18001.375655941094,22884.815052956943,0.0,1.322378375805265,0.3802642156931643,1.1359641991694005,0.8511299920394113
177,3348.8471310931104,1461.0392993770756,651.4032160641434,14222.770102731614,11216.045367413612,7561.705761411503,2.128426153502781,0.0,1.0527521035674892,0.381900106505804,0.855897768169863,0.9687157013274938
178,13438.725494054868,24028.204147629353,6477.992923591986,16908.79509846853,13763.17057475493,6944.519153226841,0.5557683457756163,0.0,0.940683812868895,0.4929060170487876,0.7895103175730911,0.5354354464587596
179,14137.821401607363,18942.097526804508,6404.704439614056,11466.093396035021,6407.589854427916,172.0222835711983,0.09789469206665767,0.0,0.46381677004020255,0.48158268125516945,0.7245354123796067,0.42013906549450564
18,3211.935201583235,335.7189832912065,0.43956275442275616,2819.4142857916027,2071.801254188137,0.46063835658006475,0.2125590433497028,0.0,0.478581600305936,2.9788737178697144,0.7587839868977203,1.407036467107139
180,6033.465033032334,852.7896423505248,4004.344950889665,7777.749636108255,7777.73992937599,1597.6970316978816,4037.0603526102536,0.0,0.6173961476153519,0.37353872361016155,1.253716462687141,1.445286202946409
181,8232.680281151437,6299.957578364217,5046.682929041358,12607.934686152834,11805.265160148585,3407.5668228812947,13555.905932737583,0.0,0.5555260110761032,0.36225495855894535,1.4259159424194179,0.8117672354514595
182,3662.1726541947455,1505.9746994939196,1304.8385649558927,16929.45913434235,13763.17582889638,9767.943788548215,20644.372257736544,0.0,1.2935346847395417,0.4092214527686678,1.20261026815645,1.2721205652047096
183,3996.813699056426,1201.032142917674,204.65462670768844,13549.803851826735,13566.429062578707,6647.005427368293,22381.390300914503,0.0,1.2005916103622638,0.3514990439957521,1.3379290185049322,1.5026078995005931
184,3862.0460980291773,1091.983779446384,4885.127185605137,10801.965660640843,11226.09982566326,4667.545918665622,6808.052426842198,0.0,0.7204477907459222,2.3088564129681335,1.0232701699197273,1.0316292784360284
185,13332.289452210885,23973.159828994707,11765.157829877582,24885.441926551677,13763.175674046872,15474.51360777962,25001.990707769848,0.0,1.0799212181139228,2.414546887137282,1.2350035778046513,0.4997620786074706
186,4399.3876136733425,863.9425357159156,2878.195215765639,14449.296768517963,11459.7951503491,6893.366303899596,20105.321657095414,0.0,0.8670897216191482,2.2919587851485215,1.3203852580096678,1.4014583792193507
187,2822.6592189043863,1387.6357939874044,21.71139815438673,18104.855607149144,13763.165327867686,7362.162720096489,242.6618772210929,0.0,1.1497689842099543,2.392451590961049,0.8107141315272683,1.0568326181373005
188,6950.075689753493,3446.5042896940154,0.28649100010832373,7777.755306979716,6407.197701271381,0.07933367434007653,0.19859456740566198,0.0,0.31352765966020923,2.315822847892384,1.366372876280617,1.1472085571778052
189,2559.570416342284,850.0351727086372,112.91716475087571,12818.338176607669,10922.245717529462,7222.287967616904,7120.750928935948,0.0,0.9990970560178603,2.295471182312354,0.8997799507499595,1.1998038405230753
19,4354.867618463046,929.5720082516756,4314.97515268251,7777.790815322285,8589.04264977668,3414.173106216399,3330.276409437057,0.0,0.6353329423903888,3.0688676035318547,0.979029516795052,1.0467556232515587
190,4362.612724952769,576.2172268121349,0.6622702104018161,4768.101688422554,6599.627836539872,117.23172206860748,625.0803390232692,0.0,0.44029662389651203,2.3727622912980597,1.0784883876421398,1.3278654533868903
191,4927.651431592403,4008.1452495021817,6404.60891058154,27131.06777866949,13763.175781503545,17046.044808506987,25002.009315480074,0.0,1.214318482776997,2.351270567059727,1.4987111594080482,0.8880721945241901
192,11894.712229750718,16583.102935200634,6551.635097338676,17091.573178192288,13763.171588325264,6316.654292717782,12120.844063245437,0.0,0.6783475794472679,2.3023114460487046,1.0552906204425265,0.6410769769331564
193,3270.2657090024973,738.3226760880758,670.5267800166188,12331.238035240713,8617.820911376437,6402.111899035588,17483.38665625459,0.0,0.9136962010116139,2.3290878401050823,1.1591982828172704,1.5968625163616263
194,2726.9627819694374,472.1842335780523,0.595040887356764,4700.626765694067,6300.025606427765,1431.5867752970253,1.0314140152805942,0.0,0.5891870570354925,2.43305582604272,0.7520807440163348,1.1274110289309518
195,8397.215841045978,12678.215503887657,3753.9635956265397,11204.7978320136,6789.16421630908,3.5813367451042017,1.5798517282915212,0.0,0.3375043974513137,2.3984829288251115,0.9695150551555922,0.700261461648815
196,12997.349460220612,18510.193876441837,8889.93532247675,17337.951904944657,13763.17477892321,7622.0477770374055,8276.058055253117,0.0,0.7599213785407521,2.273140061086063,0.953358268487412,0.6068560252627682
197,8469.269562231706,6407.905746604139,3549.0234972579133,12836.137827888559,8118.936831693501,7.80765258690348,7281.532663982234,0.0,0.40438422883673447,2.3762971600374767,1.4606975823809436,0.8486785485534449
198,4228.348078236588,1065.5346720651587,3714.3231523163745,15452.443412254912,13763.172729791457,6987.387161702331,16428.46994045083,0.0,0.8222508005526119,2.358041537050071,1.1072895163900138,0.9574880581635381
199,3842.2497378063053,3258.109600832185,2208.7896556296096,18366.62620285184,13763.171255951,10709.140887444357,13053.948940438075,0.0,1.3205348825558305,2.3891434296433025,0.8745323612853493,0.5203306024491355
2,2322.2456159566245,512.4897323327996,3.680264328564041,6300.046715787474,3909.0557529519733,2800.9385090531896,0.3819724411339073,0.0,0.8326962568622136,3.108878543841498,0.7271186426008122,1.6200000000000003
20,3726.333843908778,562.5367474030477,1.0414959369147372,5586.940025542643,6841.495230738358,1251.6616946650545,382.12885661046687,0.0,0.5267816996417783,2.9898105539096234,0.9219301270103684,1.1729238574007987
200,13088.228135029194,22634.959672121477,8430.080762641699,18365.238311216177,13763.174329512603,8164.844012021521,0.6826158191633042,0.0,1.0277680173863166,2.410002459746248,0.8011609704644966,0.4615800016249335
201,2056.603269771498,633.3564450080921,1.4911579655762395,7817.286650288544,6057.500201189011,3274.287051623911,0.4860967198167505,0.0,0.938781497689271,2.2668500030240226,0.7129375820458668,1.4218293732111082
202,7999.759453977735,6408.320539922808,4643.4093195296855,13518.107197883592,9901.168761330471,1743.6617673661815,9492.150237141635,0.0,0.4847679743583797,2.4235447926562004,1.2498848124525797,0.800193312540187
203,6300.038077887602,1054.91990918504,6079.457272691585,9814.769659290963,8715.789169211159,3741.031563686034,14916.878936886962,0.0,0.6440598984302888,2.3384510801002003,1.3948823678983675,1.285116845777601
204,3990.850957855428,742.2220012728425,3618.369077927678,6404.803825029771,7775.317200942331,694.9559398291171,3399.5756332637666,0.0,0.5333973528498162,2.3646313410657425,1.2017606749397847,1.5148972165379775
205,6469.433469403691,6408.812500440255,7777.460409952445,26867.04424795919,13763.17553530002,18654.90793302408,25001.984140549393,0.0,1.2874818891683935,2.281878697780326,1.3517269600333501,0.7499277080077651
206,3684.7743932895373,2408.332415620974,2223.7712238906643,20140.83079066327,13763.1747930154,7777.504879731423,25001.986554811738,0.0,1.1556394990432173,2.3314308009276785,1.5174033646939995,1.5350082934295592
207,4934.482870686531,824.1847530619887,3218.871644005427,8169.785139988577,7777.660859025037,3816.907957474963,9986.497110458316,0.0,0.717113558321621,0.5953771956481932,1.2198845036612538,1.3614745207080037
208,4563.496688395397,1269.0002394865978,1956.1257569003474,21109.279355378694,13763.175347728215,10623.884464043309,25001.940446741082,0.0,1.1025535000753097,0.6225398539486603,1.2941303301711582,1.0613054137013895
209,2511.5077277023324,692.2347838249908,77.61177495229236,8522.848919021211,7698.1614717625735,5288.315395845197,0.7687904600369996,0.0,0.8526776246360037,0.5886197434924108,0.8349043093409532,1.196077790503777
21,3249.163728616691,2695.459784413212,5069.993269865257,24298.190579315593,13763.176254718728,13688.809052539493,25002.010060873876,0.0,1.272522825040014,3.052900733287032,1.4343862321436274,1.2223951809066693
210,4349.533977457357,1057.6589310713066,2063.7194561470005,18387.2603564852,13763.174004347751,8732.918325431574,25001.922305546606,0.0,1.130624610555758,0.6921064392969836,1.3945393510012556,1.2195968240418704
211,5376.323564238233,326.70868263746155,0.130117465616514,6404.533044047142,711.2560925600606,0.07007650109937114,0.07692849322607943,0.0,0.31518644364961995,0.6758547465095511,0.9134807371209217,1.3206045953321257
212,4032.856495882944,1360.4526887700342,2583.7338426656997,18365.40544665481,13763.17373378379,9294.528226131288,17384.659371276102,0.0,1.0141784159257103,0.636323990745122,1.0811657322554011,0.9222140380295627
213,8905.191650321534,12459.842020878004,3194.1801551567387,15631.823558494718,10945.585426082263,2375.73138827712,11967.76573060067,0.0,0.42851208060295887,0.5570358058223784,1.4998941202998524,0.6655199132875078
214,2935.435690676882,1094.101454327158,1.1121324355968192,11299.091629490254,8408.584655477893,7777.708901777156,10611.732999791317,0.0,1.2310469655946898,0.5726379631422928,1.032063247439579,1.5979832988090785
215,5947.624224421474,972.0697987089584,5375.444829033971,9521.042125949583,9117.58866906658,3818.494729242576,8010.724117868305,0.0,0.692607702775313,0.6802303032165833,1.1602560561287054,1.1110003487074718
216,9550.921887636308,12635.585404347174,6301.574062614513,14077.917790516945,11692.349750669679,6219.152132278213,0.25358741585359246,0.0,0.8984806563239325,0.5190665844534389,0.7406386999756692,0.7036383192220087
217,11837.755373460994,17493.828571717208,6404.719245214446,14712.0967183768,13763.111564926723,6300.081292670994,6412.118777380246,0.0,0.5960347667491734,0.6564610405026725,0.9857649091022322,0.6023059370545364
218,7777.779016844085,5536.129069120162,0.7316726109122713,9765.158928170635,6407.61018166585,0.152729892856079,0.13418990815716406,0.0,0.36077560066782477,0.6079837653775944,0.9424952115322127,0.8376668805359814
219,7051.337117346915,1142.9328978665735,5943.127174957541,16304.746405623606,13763.173925430125,7179.190821311022,20118.860496894027,0.0,0.7791515360351724,0.6652505708128515,1.4493536032467969,0.9556648531346736
22,2174.7216296066954,1856.3006200614793,1470.9294659006512,17532.50238124785,13763.174765202397,7777.8205932539595,24207.9410104415,0.0,1.1824922550575467,3.093710837998683,1.1116807307138625,1.347920693282373
220,11805.074206863792,18244.715823100076,6299.998627141053,13236.590664236235,10627.224369684456,2593.7696619965645,3353.948740877821,0.0,0.4029226522871254,0.5279994007934942,1.1241360892569934,0.5435778254985999
221,14893.15577403467,23902.848064929498,7777.751744739403,18122.01607479892,13763.168669768009,9141.511782048541,7.458049504537872,0.0,0.8293039244230698,0.6505685922457546,0.8478224230170321,0.4538329860206113
222,1314.9085727187432,1183.9762765136152,1.0919224715240556,9260.667142415721,6429.363303814697,6303.375363227818,0.569964803012332,0.0,1.312566314431573,0.5366304954093253,0.7862668884836522,1.44147531753102
223,6232.033018173747,3176.831114489074,4459.5638784751145,14531.551107460393,10725.131124106914,5851.168361223052,0.3811267046622858,0.0,1.0622752973969063,0.5665839817584379,0.7033702349663908,0.8185664722870087
224,4820.60045286729,908.8772843702956,881.7242807316901,14218.08839483898,10964.270197019581,7777.777856030464,18878.50417393013,0.0,0.9569707201251441,0.5421506370043779,1.2685834387480635,1.2543857816465076
225,5565.848807129231,641.1940983366704,1472.7878770622742,6300.055551163453,7763.440521399797,615.5330271839592,2860.2330325498,0.0,0.4917499185372899,0.6118271251610492,1.417666617347035,1.470705556194832
226,7143.945889245289,6405.40633046017,6251.932369198268,14565.388175204182,12151.237687889856,5060.768622104115,10237.345699871054,0.0,0.6390786033425155,0.6271645489207605,1.1797044588567698,0.7762485991825016
227,5208.397973718425,658.9053629049456,1961.3750502025932,6404.581976138408,7649.529995287699,930.8163993481921,2490.609708533768,0.0,0.5219778717101522,0.5539684162553864,1.3408903446892442,1.5482647341931424
228,5038.194356180636,2670.740831984065,5000.539466470452,22458.3492640084,13763.176119798603,16326.379653212987,25002.006900498993,0.0,1.2605699362321732,0.5855453169858391,1.5352833319686496,0.9980815314661842
229,8899.589221729726,19343.857698260952,6405.078037988867,23749.094135792737,13763.174489605579,15356.934318991849,18684.909093357754,0.0,1.186213508830302,0.6402593010524484,1.0120338448761415,0.4840123248086071
23,2526.69130765213,526.9867439405476,71.60917767620354,6301.305788767198,6302.398328309099,2315.9816986668097,0.44064392800437197,0.0,0.7008313860023868,3.331418802814945,0.797754890999166,1.6007883170370591
230,5073.209754721127,1041.7932831023356,5066.163079762712,14299.621746995494,11157.748340933234,5883.309917631532,18071.8612958887,0.0,0.7370889520986748,3.903964494289248,1.3176192958668442,1.1689998797880372
231,2406.124247796467,904.0222902762985,1.0865343612060927,15936.582074324631,11981.242120205898,6704.784085611438,2802.608502510857,0.0,1.1069055875697524,3.9604029021788265,0.8250780831935325,1.2502219725820598
232,3857.671262286924,922.2446982013522,3683.0190164483906,17274.613986200333,13758.200683020861,7186.209779356863,22282.176076760672,0.0,0.8351949800797722,3.8364027692402773,1.3594932088577376,1.316350977367786
233,5183.303104771531,2789.8617925434173,5031.3562986798215,19931.45699508159,13763.173574783848,10382.08525665106,15062.16585146102,0.0,1.1403934457280476,3.917503620005733,0.9158601156029224,0.9025857275432057
234,10252.671370831777,15300.484194303843,3165.539919242018,11294.073363433909,7777.778419761025,0.11345647854459764,0.2822368893611296,0.0,0.3231197105698622,3.8710160128598137,1.0722731931828344,0.6528609816859972
235,3562.092747088094,1027.547641800537,3388.4988479827975,18692.115542882217,13763.1189341643,7777.460812839903,25001.868780217603,0.0,0.980295363748541,3.8973539729352864,1.4981467836153255,1.6083304038336559
236,5403.127700516119,627.2817118410596,1.059779622752682,6404.716701891767,7493.554430294583,377.73535946382464,1404.4124967634527,0.0,0.45822580815987124,3.9792933048703323,1.0579156250394506,1.1350510152880304
237,7937.654889063077,11674.188646258584,7777.635598147446,24402.28930978698,13763.175992752378,16639.75235103531,25001.99952827931,0.0,1.205757660394936,3.8673438059270304,1.1717626352546897,0.6736589690526628
238,13217.538534018027,20080.705018712797,6404.8995722432755,11194.455628930682,11951.201386917775,6300.00210488874,0.24068471920586312,0.0,0.6878548967791347,3.8878732203797197,0.7501191805908475,0.5876755134362683
239,7334.278289057211,6297.327205924663,6299.987962352911,16543.69358009185,13763.167356149972,7994.728625856976,14683.007087955217,0.0,0.9095989830883258,3.9926294809370875,0.9739892820016975,0.8522796051903153
24,2944.020489317412,1278.307148340715,1.0682213919879067,14298.447357950525,8819.497305370347,6300.016166010952,0.5585842217904776,0.0,1.0868988151212247,3.3954133741378527,0.7357707657627574,1.098450063229684
240,5490.973245817919,940.1471464787132,3044.017217835927,7527.487049990681,8181.28831395059,2915.750889273827,2369.1387302985686,0.0,0.5720715018914646,3.8836543436552824,0.9391701339127779,0.9613393193909026
241,11095.132886893814,12581.883419276686,5409.708011130793,12610.241845995242,9534.231128421245,81.40513959742762,5414.599994173149,0.0,0.3270480358839226,4.0,1.4401364879456406,0.5639345581840645
242,15386.043919165353,25400.436385242858,12852.990219622232,22795.547012512685,13763.174176750837,14980.754065222774,17352.236969028658,0.0,0.7777001014151405,3.924058138586664,1.1057657764582671,0.43036860567552815
243,4461.311382668249,410.52011963879454,0.22171294685049908,5837.748505042044,1424.0995063280925,0.13788062862999492,0.22776505203945796,0.0,0.37192279453917493,3.9641176072647886,0.86815473003139,1.421429652064815
244,10701.875352541356,9757.302984119584,6404.7779693952925,14970.026088375249,11577.251506052477,6299.767220614576,0.33305888236820164,0.0,0.7976275656936409,3.987008259774744,0.7992075846169955,0.788957445941156
245,1813.6440309560096,1522.320791571231,1.166497792837707,11314.028592536193,10500.211193729383,6299.570033715718,0.7879078821745793,0.0,1.3020009971396804,3.855723275155867,0.7024375987571269,1.278326121482266
246,2767.862171088189,1029.201131244815,2093.7322687051337,18365.596906379116,13763.172858224765,7777.7728732039395,25002.003250488633,0.0,1.0376866095386852,3.9391153325170043,1.2654020272736188,1.4878147997100764
247,9018.310951835863,14180.853030876944,7777.827653497228,24801.822862851335,13763.17543452969,12004.687375668658,25002.00263378208,0.0,0.956390599978431,3.934901308867496,1.4054570408616696,0.7307538702969398
248,3912.818065452359,636.0506685071133,2650.4361621183057,6299.966622713693,6881.169567590309,551.668926735134,3389.1553053239113,0.0,0.49438976999001716,3.849114891373073,1.2102396757756764,1.5300838117005002
249,6410.630773947974,1183.2534561703947,6404.868589667238,10078.455944796895,10837.078166520463,4173.829546511362,14460.522426946993,0.0,0.6034355384802286,3.9146250039645234,1.3362600266460025,0.9985769312613504
25,11728.647478846875,18453.753861270303,7777.705729364924,22199.452817532212,13763.175024885633,9852.64819485936,24728.827456325114,0.0,0.8762995004579608,3.4066275802670405,1.2835210622462019,0.6786795145492215
250,14411.19777121094,21927.40174894768,7777.822534371562,20698.6441905471,13763.165220467845,7778.023390002348,22262.915220836756,0.0,0.535627834803707,3.842552507804849,1.5196177699266973,0.5140985336390355
251,2366.09662222887,2055.564568613717,1663.636759945407,18365.94296345681,13763.174341046544,9734.244446235123,25001.944892450258,0.0,1.2759090987897923,3.9524968809199668,1.0158570930148552,1.3857799188906044
252,2701.7408432931124,2070.2788429789784,4429.150633271382,21880.498474706335,13763.174696755388,12170.183167031875,25001.980439042112,0.0,1.17792515522431,3.969903473012747,1.2131014649683287,1.0861856878681069
253,2746.5791188156804,679.276128986954,1675.5539998108611,6404.838402879605,7777.699440804803,2820.216023891197,1.288663282992614,0.0,0.709714227920131,1.9378074433155499,0.8420453216036434,1.341321690844703
254,4390.04437771019,2483.7886086974595,5283.574347013874,24357.91028875578,13763.17517178697,13847.990608793307,25002.006518897193,0.0,1.0972917060218765,2.0501589543657857,1.3829074187913704,0.9158478826472904
255,12590.812582342885,18270.738498946324,7777.7950992655915,18051.53037367548,13763.174478439245,7777.77181717125,3171.808892119851,0.0,0.8707531329593621,1.9436506705071448,0.9072218849230533,0.6717972282853056
256,2341.8971170961963,1531.571055657776,3.1775569255444855,13513.935492084462,13112.780307396804,6402.572421339858,21115.35978156794,0.0,1.1289700215511673,1.990818747245423,1.0999120266802915,1.595168175496115
257,7130.093747019892,4060.965172162906,0.0867013514183904,7777.773711280334,6407.590601904957,0.02198939780398963,0.10986043721497198,0.0,0.3084619119498207,1.9626720218635556,1.5017100295372348,1.1463813318043945
258,10670.956915434639,14111.379962863044,7777.381845934885,19052.177802370767,13763.174732807338,10933.247474479072,20495.052286382095,0.0,0.9840506605837516,2.03777027922866,1.0541253991600128,0.6862400639547424
259,11754.65250640189,18510.166958202277,6300.010885647309,13416.876431352839,10974.2862909166,3916.541744742998,5784.35107745695,0.0,0.43275894550376676,1.9161840470800346,1.173771324656994,0.5846211620315871
26,11575.51794178741,23474.464334106357,10525.048074172073,27094.738067316903,13763.175359456336,16628.16636117816,25002.002266998035,0.0,1.147184052048726,3.3395421395387417,1.3974699456512498,0.5821629842052045
260,4962.186924993485,2774.778675877292,4070.4383850107547,15842.00685867489,13763.171957617873,7064.432149088326,1.3524211159899198,0.0,1.2128852233187768,2.0299527984430252,0.7637177677745419,0.8786277091141903
261,4662.363358245219,1048.4038432451118,4609.657583606827,9504.957388542538,10808.55001136585,4786.256478511629,3783.480019184516,0.0,0.6885877126502619,1.9685529245790117,0.9629745428665912,0.9649247289606557
262,13613.289289838813,23899.316479665657,11073.447073587336,19547.95713071735,13763.158123307865,9144.856103823335,8982.71457139913,0.0,0.8996673533429336,2.0495284115445425,0.9365835335746027,0.5525759211982486
263,15644.45643037329,22918.03835477287,8979.048214205402,21417.084537006253,13763.166613042815,12971.2892653114,22299.380153299884,0.0,0.5645661057177267,1.9978159251755234,1.4586729378843677,0.4225933415293535
264,5321.675359527076,449.68409522196333,1.2980976647501263,6402.7776123111635,1851.9864776344646,1.0579477252386722,1.150339746847148,0.0,0.33335586161858966,1.981961153507705,1.1312683359559128,1.4170419229752511
265,8866.569952469054,6408.2402167118635,6300.293282345798,12974.210886203446,11485.42925307116,6300.16348995027,0.944142214351729,0.0,0.7740753179153188,1.9300209725695916,0.8545535273951534,0.7942048795689083
266,3210.610948661972,316.4021061169817,0.3171686883116654,6136.5498030811605,1166.8470771327843,0.17693473478317448,0.22277858029859549,0.0,0.40060736840742855,1.928009647063979,0.8080995731413392,1.2656468824879286
267,2137.5168899815244,549.0794833061582,2.182238512158731,6299.727214571557,3948.7984206611286,2525.8475872269623,0.2505268702065319,0.0,0.8076647902618974,1.9542116227328545,0.7259405253191443,1.4906198585331323
268,6410.599268251837,6408.34300463499,7777.782403978731,26106.472114718534,13763.175282953747,19031.631353026816,25002.007669402366,0.0,1.3270064842809037,2.0729844745579724,1.2741286683096762,0.7485328072520796
269,3757.870099770621,1341.0527241029927,1321.2427067480035,17055.980070376012,13763.15205556032,7732.018937031477,25001.93710151122,0.0,1.040634981149252,2.0065973588494788,1.4165509025725584,1.546404504422386
27,8366.545208773132,7777.76234142159,1173.7668605964798,9715.058933311646,7776.242566288873,0.10469032187008039,0.281273464612336,0.0,0.31816172583738567,3.3797450912729756,1.204544563099728,0.8386865236496308
270,3459.0900060614554,1191.119909247596,3468.678145748034,19400.925594001244,13763.167444836154,8820.597288393305,23653.65372485068,0.0,0.966157625992496,2.0628891942677114,1.1996040077935188,1.0072179515733
271,14703.11651435143,20263.30611242663,6405.026960955304,18188.867845879762,13763.171222896963,6689.43425601107,16594.89674028083,0.0,0.47134025812352004,1.9766351459834985,1.3522572451635573,0.5056588568635728
272,6410.552185313327,1030.0326679342363,5793.652753588068,7804.1797114168985,7777.81604968679,3088.4006706585155,15748.204511786289,0.0,0.6146913271955323,2.0674319384439217,1.529919781323634,1.400995909933897
273,4943.1937819872455,698.9565569929493,1517.0196672657053,6404.780590124596,7777.781358665039,1934.479594543616,2304.1807959546068,0.0,0.5487688583490178,2.0831885673943065,1.0183964825935377,1.0819078204825037
274,2858.7414935049387,2369.0920177558414,3775.1588752462494,21216.571151253986,13763.1755501523,10887.157586186611,25002.00075693303,0.0,1.254026274821016,2.0118902389845785,1.2427835157122136,1.1544875486423298
275,2889.678104953794,2233.164370763867,3028.1645433669396,19840.904799296313,13763.175045903286,8940.509837065078,25001.99719335104,0.0,1.1909516306375627,2.026294463882031,1.2869619063641218,1.2288038283133393
276,10568.114721574135,18510.295518547344,7777.68262876484,23943.4731087594,13763.1680047369,7474.101421820953,20031.457149533715,0.0,0.7283455648531421,2.9484582071935046,1.367919605908603,0.6665849753754169
277,1909.750844308043,951.5019355294495,1.9140238075854983,10863.401206020333,7777.941886526278,6287.056942573608,4032.1262886065942,0.0,1.0641887998952186,2.852267045692353,0.8906172211825315,1.6121362634354583
278,3179.972197874874,892.7962212678684,2127.3486161869173,15236.437727274166,12706.718162976716,6638.396194558849,16324.22027106297,0.0,0.8549613170042947,2.8995568006649837,1.0844949860542223,1.109857396046585
279,9116.293991627583,15583.232421805867,8896.214169469778,28310.858766629935,13763.176249698554,16297.152994113525,25002.01133551407,0.0,1.1483262616484744,2.8938735119525383,1.4813459702507035,0.68887477205468
28,3732.71609613413,1864.052249122417,5750.817431134002,23466.95299859224,13763.173699704163,10886.123672477846,25001.984122059297,0.0,0.9777214853301577,3.32648902944739,1.3472026997817839,0.9394108008900259
280,9044.623112766512,12285.591807389812,1923.6461538515882,9796.831074448031,6407.603302274489,0.0737095733061322,0.08660615788363442,0.0,0.28753261136467695,2.8342968980275347,1.0296943582947273,0.5730436154446485
281,4512.041736381249,2105.7859033976974,5628.886215905311,20567.10456698915,13763.175203769488,11397.80117111223,25001.965876864742,0.0,1.0033601084446127,2.9107628054035906,1.1723532182869278,0.8824383896898376
282,6196.440913115576,753.4207759967451,1.1519798726532036,8164.598737830754,3744.211599132878,0.9173868326578114,0.12954168569007793,0.0,0.4471715722566011,2.815574878506413,0.7713083540242642,0.9825462032306653
283,6410.084203025354,6276.985814055394,6400.534647867175,21844.94196393772,13763.174937547257,13808.077783129647,20887.51043136899,0.0,1.2470297297437674,2.8652054512532574,0.9765179623549898,0.5248501914727881
284,15053.220464552873,23120.764822214318,9482.379756883065,18004.598916322942,13763.173372523392,10359.53192087672,10588.230850388893,0.0,0.6704539281461872,2.937543217225592,0.9477353206859279,0.43279304987833267
285,4621.8497312719,868.531031404424,4042.0952328233066,17661.969520868883,13763.150570283005,7777.561563180158,24625.527687184607,0.0,0.8954625867169883,2.8577817757768726,1.4675832276858352,1.4114696538716247
286,7360.256300758775,8402.981662244267,5650.965721606134,14026.58517901107,11420.06771635633,3412.7308501496327,7777.759112804364,0.0,0.5576075583455908,2.788978848360011,1.1268802605181554,0.7787626423627657
287,4604.465764660919,324.5205380591457,0.29171202976340505,6404.8749553864645,3106.565762126453,0.17702256302415662,0.20586353002137925,0.0,0.3657984473598894,2.8888993857490575,0.8770251980262218,1.2576298227044047
288,2563.2702923235533,597.5156022083628,723.7705550168639,6404.814772294009,6407.549876258906,3554.6051187089347,0.3532908516124278,0.0,0.7719858952489174,2.881114240868726,0.7880334068117317,1.4730634373285802
289,9497.990491086823,12859.653444040028,3769.8176376045,10428.702110873943,3503.0176480744803,0.18827726517421167,0.05786065332023436,0.0,0.416600882083868,2.814595543377794,0.7161326216421879,0.736712867054542
29,13293.255890932833,18510.17231273716,6405.030254951038,18316.270233794945,13763.17285545527,6402.733972284305,15800.909046894047,0.0,0.43440498293802765,3.425724540458602,1.50852617279348,0.5292519754878178
290,4036.284200292048,768.2652861792991,1872.307432795422,12252.854760096445,9535.61280549489,5947.505363888233,18334.524916406393,0.0,0.8177130600803093,2.8735093929051163,1.2712194549803213,1.543588563548903
291,3808.0645807854326,2994.465112715003,6404.751118552432,25431.825067918966,13763.175484062742,17688.05139104674,25002.009210322387,0.0,1.3106913478869058,2.9219288425789443,1.4242249062643522,1.002369331070232
292,13934.023184449388,23907.50391692469,12558.009229512343,23993.82708348715,13763.175301230454,15094.272242822453,25001.955953222634,0.0,1.0432854348228744,2.955171858869501,1.1842368413625461,0.4889761447914067
293,3511.4185782983727,810.25097541906,2728.8870711307013,17605.165092098803,13763.164360356785,7777.777694077576,23968.420799673317,0.0,0.9432217068435058,2.8439557567948044,1.3231731667584556,1.3669074574509703
294,6410.6408661587175,1369.0724054378654,4712.978132521746,7777.763043857431,7777.776555731031,1226.2438052571545,9759.98410022205,0.0,0.47548705072124847,2.9310106168176024,1.5051404087524567,1.0461585825334772
295,4036.9363655044076,825.2414943304293,3878.2464987377975,6404.8503921296215,7777.840240629697,1916.2397462798697,3059.03911687323,0.0,0.6072330249730058,2.9160070324105236,1.0053670472650893,1.199111725522759
296,5692.884137270503,858.4598720410216,4756.416149616681,7406.7301233202525,7777.80938770581,1639.3383939678163,5575.8636449085025,0.0,0.5383235485564135,2.829580354436596,1.2464268650056862,1.2345372033853999
297,3066.011021847548,2557.0563847038866,3805.634838145052,21312.287968269287,13763.175738193533,11705.129711815827,25002.00648105809,0.0,1.2666089277641848,2.79489530326713,1.298431064061356,1.3304188533322596
298,4212.7093254114125,2329.5566658333005,3780.0181506486615,18783.411861230008,13763.163375260287,8154.846826111984,972.4649978271945,0.0,1.1606824268335785,2.800790228758423,0.8186370040789697,0.9316737654209957
299,2884.3732663081673,818.5495018948797,2900.839909757564,8549.693324620523,9094.33878681653,3488.2659107281356,1117.020778463833,0.0,0.7322351645188705,0.9615643161471004,0.8903860825426622,1.1299378576420114
3,2780.4487905984142,1833.4082908009534,4122.64187669522,21880.07324013601,13763.174888667614,11373.50209657626,25001.996603654025,0.0,1.1516356358531357,3.0404753733064256,1.2704941102454894,1.1230892467507059
30,7762.6220798561735,9733.954614775943,6405.038966250056,22780.094885147595,13763.176173594133,14411.532975436234,21343.98517664594,0.0,1.203553699867538,3.389908433688515,1.0066747171033947,0.4133139371814526
300,6410.661160447094,8645.750495366074,6404.889853300744,21308.93462422498,13763.174334308487,13921.056503688487,21272.1713367281,0.0,1.0843922041611964,0.8674219018477803,1.0915893920519464,0.72272354134972
301,11584.455628328802,21145.835920439295,7777.936301135829,26481.10981918827,13763.174801583067,10327.680165822028,25001.94549010374,0.0,0.8636733000018915,1.0356362767758427,1.4953034965691896,0.5950561861736792
302,4193.793344440368,2392.793442867217,4997.432797672648,19666.286821861177,13763.17425799842,11749.271981125295,19648.4166422121,0.0,1.119283429719422,1.0059582367670192,1.0563250687111756,0.8623618616207891
303,6668.603410250573,5090.939933563332,0.3561707250293215,7777.752819811165,5288.698189156324,0.07811784814182743,0.14176159706381217,0.0,0.30458165751327565,0.9797958843045462,1.1409441216134097,0.9449801007789196
304,12759.109763721606,21775.946887485195,6404.955852133082,15785.051728235187,13763.133489214953,6402.292921124811,0.23809144208620345,0.0,0.9988193855684342,1.0112780225963245,0.7371580052499752,0.5405402311189172
305,15000.533756200892,18510.430092172464,6300.279166767789,13352.078355611528,11297.249751275016,3512.5542882242094,1279.6718800647407,0.0,0.4267270439699563,1.0202633742256813,0.9562054849106965,0.42484751682234234
306,1685.8911837646765,1167.5317714030416,1.4086875526482652,12102.71715812887,10173.70567803439,7352.62656994221,3621.402182793945,0.0,1.2202485066508126,0.9894818730754628,0.9227540164498768,1.425071367180031
307,8938.068877220016,6408.200825801199,6404.850094214233,18365.470942588356,13763.156663644872,5999.972231817693,17037.42701876685,0.0,0.6656890652897718,0.8877748739176317,1.4367597998423327,0.7832447950155281
308,4011.5005714974222,822.5508628519203,939.0254762393564,12547.753177077087,9096.035130980625,6417.430653928753,14661.808535848864,0.0,0.9008158387824396,0.9249852972288716,1.1331654112312481,1.2909104414471608
309,2854.6738645273667,507.54075298434947,1.393058150622575,5556.016932374755,6407.654821111589,478.94777351519895,0.4757348671999439,0.0,0.5928779138204898,0.8786067437890176,0.8664074404959871,1.4962911736461952
31,4722.360695920808,950.2506555641813,5012.828244668322,10107.877479796112,7777.89629638237,3195.960174197487,11974.239964492132,0.0,0.6755647215343095,3.4723401139360126,1.22900209001154,1.4147615228353863
310,8401.05546545723,10949.478131203501,2090.738995313501,9964.863473127489,3916.0823652118343,1.262182692366016,0.7967479168055884,0.0,0.3354176110136875,0.9809067572135427,0.7952094730767358,0.728391373445215
311,2069.3901102835985,509.01599524660776,1.5994441386714333,5687.309978478446,3193.7638338464917,2166.5567433445353,0.2928787202214509,0.0,0.7551524263212852,0.9408136662849091,0.7312598209363965,1.531878295135249
312,6198.451736616196,2669.903963893898,1.150786585403349,7777.660626044043,7777.722287645723,0.3932411202610093,1661.3310138565835,0.0,0.396352223160303,1.0265972545175526,1.25045164242521,1.0247093751003953
313,13150.128896357774,26606.1276254677,9559.328734510478,26300.48039489429,13763.17404508303,9398.922444959087,24460.28075542052,0.0,0.8036331337228293,0.8941861374804546,1.42867600926512,0.5119058632025802
314,3269.8039750398634,1779.364438715595,1647.71127765178,17511.609048380622,13763.173803103202,10679.292077743965,22637.9755417369,0.0,1.3144837082472995,0.900353367938863,1.1885594253601057,1.404111956147442
315,4711.47638275787,894.9970846345553,2283.0755194053913,20486.948925419078,13763.175042383258,9977.10585734301,24879.46615120231,0.0,1.0175944981758192,0.9140715625292849,1.3325818208172775,1.075143055988092
316,5374.764345053419,901.371884758229,3018.0818219728603,18365.35755847148,13763.158735430643,8467.853912972776,25001.482285809165,0.0,0.9251528536453819,0.9671046735057931,1.5132998303796659,1.179537416675974
317,4093.855178999918,561.6361684153629,1.0400090410026686,4145.14901304336,6593.450980171448,250.42616850475375,3.8057630027283653,0.0,0.474760941124944,0.9290972047850834,0.9935210395434988,1.2236782559170005
318,5572.326159783923,917.4751239305032,4982.783672585244,7777.772185670176,7777.762996525362,2188.4557958991936,5192.948373329908,0.0,0.6127479602182448,0.9468372439857458,1.2414718593702552,1.3082895626416067
319,7777.772231721912,2174.2991840949517,6032.025236615811,9007.97916091477,8676.162476660265,2431.021638818207,8040.834774323546,0.0,0.5238964961789461,1.0014424557325832,1.302875351495209,0.8932889123628145
32,6976.593730135815,6408.371225608266,6404.715115735972,21522.28855627744,13763.173261987511,9470.20511081842,25001.965556061044,0.0,0.882794394886713,3.374225559473835,1.2952753347074673,0.791579256904881
320,5191.642675874056,3720.035876508873,5825.936295592385,16881.82789952574,13763.172856052373,9726.286847057363,4.621384660777704,0.0,1.2839933435253423,0.9057824735193488,0.8113372337835345,0.6497263853863525
321,3981.2751714351703,1563.4628919224383,618.4376001745112,14876.830968536337,13763.16915660087,7762.473998599477,25001.958212956237,0.0,1.1671758252463917,0.9508276912362565,1.391454146397984,1.5833937630492485
322,11825.186899004228,18835.46729730498,6774.077264054881,18365.67677758248,13763.165374821237,7051.111903135606,14003.448397940887,0.0,0.710407257604156,0.8507969925024219,1.0981688910334104,0.6061658035191437
323,6074.871601698664,2935.157915549882,6299.875051247415,25992.31085583328,13763.175504214776,15053.166922708668,25001.980547355768,0.0,1.1013366919557452,0.7574674811003325,1.4916193000879638,0.8324120279460103
324,3702.0707077516995,956.0214062946961,1964.1737214025698,14122.26197214065,12320.246784710967,6901.760630625463,13330.809812372243,0.0,0.8776759896799087,0.7313324679817761,1.0380396240977863,0.9726803895533509
325,12344.79397868809,25119.409437458293,9464.026033920478,24526.97501779433,13763.174921265201,16316.787103915713,25001.5169627955,0.0,1.1344146969099846,0.7744302637337169,1.1658960655376638,0.5285181052621373
326,11252.493235685311,12087.754428851433,1199.5435189806094,6773.900355731544,639.5082476257905,0.057832262749634024,0.04395134684065705,0.0,0.2864795785501801,0.7962904678584363,0.7541809948347079,0.43727338114958364
327,2607.5269768900507,845.2202826377813,0.8854551199849897,11695.457474835255,7777.8146159965545,6402.72198727518,8970.222319654002,0.0,1.0161548620040128,0.8628988709948299,0.9616873670693258,1.4298124875124625
328,7648.775788530405,6405.861380625738,2530.52688393765,10339.730077730657,7831.831273823058,424.17583914045497,13.905790790862245,0.0,0.45114235020332105,0.8289406352991583,0.9516360633985181,0.7980598322541871
329,4425.157512614915,1649.5488157510129,2985.3553451611856,18643.471464211856,13763.174039472162,9003.667227819866,25001.992210216016,0.0,1.2190643337753357,0.8022971574119985,1.4651286475533474,1.3018453138768016
33,2598.434419252698,595.7862659769148,1.3944641485553892,6299.942195145183,6407.831844850711,1225.8629837645356,1.0306806241894249,0.0,0.6009254383356621,3.3114914846910124,0.8409057567030047,1.2822511122594604
330,4244.158196567258,792.3910456599367,3396.2946120604392,7777.705152587866,7777.782110662774,1952.9482377971717,3152.4177250307675,0.0,0.6504689329887847,0.7284532193212435,1.1177411056416422,1.4770665571633583
331,9974.81996956331,8156.954804484308,6404.903755974049,16580.662587077793,13763.152812110759,7532.16440168037,4.89231175104073,0.0,0.8929147553431884,0.7868475544469399,0.8699935316333427,0.7413372652543438
332,2364.3980758990388,416.0124438951097,0.7029541615397192,2112.9711652524024,6299.971926422362,1.6073663920370633,0.302077901479369,0.0,0.5671808807530969,0.748857979826834,0.8019184181809937,1.560903438028283
333,5401.203094199841,542.1326901775334,0.24871129321400898,6404.878830784631,278.3614454178878,0.07649580930924423,0.09707704589149807,0.0,0.33995978093525675,0.6922726675860186,0.7103971842957826,1.0213048191777514
334,14219.333190329227,26712.547813827317,11581.149268178722,24436.99378818327,13763.174652217753,9011.08561048109,20971.44505548323,0.0,0.7814227924791706,0.7170397073809556,1.2763475709428032,0.4750659488648894
335,4981.515757620472,564.7203581280924,0.5013993166387513,5301.900696019358,6407.258612572582,0.7212057900256807,0.9960470734468414,0.0,0.391305756772255,0.7046666397018849,1.4107680200463142,1.395867542991904
336,5696.980681856997,905.2082872582055,3532.1833254074,12460.294838792215,11481.192021110155,6300.295978496581,13841.945935658625,0.0,0.7885875472095825,0.7626591510765415,1.1874592943676268,1.0903732398869908
337,4522.96328728574,2402.285853751444,3810.922168488265,19627.652542003205,13763.1715566598,14726.093134993567,25001.956258113587,0.0,1.3258385644958683,0.7771132473880855,1.3454096704267033,1.1599131092158894
338,4413.1420893010445,1087.4173513147705,2823.7820446641363,18549.7464614349,13763.173612539891,9418.657159946972,25001.96895662074,0.0,1.0473944476398303,0.8252262236416338,1.5108305067074816,1.2168808607574775
339,2832.938853945326,826.5091729003069,5.2351725346552715,12363.683445307617,7878.220281890119,6402.68142446568,10959.261887559664,0.0,0.9694832332873013,0.7109589439983525,0.9962904891987988,1.33697964552498
34,5021.611279014064,480.95037633083837,1.4658233594523873,6311.900818011854,6292.099661283136,1.4193611842569667,1.7297227028374056,0.0,0.3507251906588102,3.4221360595539885,1.362820002372649,1.4661919690446208
340,7371.620538044657,2155.5635244482264,4725.146856368983,9148.325993128212,7933.4663923207045,1319.4323072067994,5459.661270358148,0.0,0.4800584527346319,0.8433150638355387,1.2306472422906973,0.8918567791217582
341,8936.750003537194,16203.116982253217,6402.238486366106,20330.152858949343,13763.163497316262,6227.927579638739,18385.524454360933,0.0,0.6262881511980907,0.8141918652259937,1.3163237626233544,0.6451459164492189
342,2418.459470186411,391.89259308548696,0.578413400836499,2398.4933906894876,6300.298017784803,0.37466583734898895,0.28086978625255904,0.0,0.5398597411939372,0.8102372662731905,0.8444265768012863,1.5736645781107215
343,4698.768993419241,2193.7811171551107,3657.575953812539,20275.197158773146,13763.175077282815,11888.360398649935,25001.977915292435,0.0,1.2649536967913022,0.743184785663677,1.3791865781820283,1.0996718317122598
344,6410.6393699923765,10938.047426028648,6300.662486848643,22350.779177827753,13763.17590279679,11130.343087732528,10860.332090603168,0.0,1.1959964977330042,0.8562234283680823,0.8948424128546999,0.7166395179939331
345,7667.644908463785,1254.3771933289438,6400.77143507698,14675.944803860993,13763.144458628216,6366.572522629633,19687.33013593084,0.0,0.7074590728375394,1.5222016312077922,1.5038051459578126,0.9756966439214765
346,12763.59966112727,22889.6296182312,9157.238197148923,23709.801540082404,13763.175849365052,15120.931818568753,22295.235444013804,0.0,1.0938276188792364,1.4511660811760088,1.0651608316546408,0.5631276236136592
347,15197.45306850278,26679.05134709591,13067.394093620323,23900.29478399236,13763.172997026608,10927.84669662773,19361.16369975216,0.0,0.8408284411192146,1.467579261206162,1.151264500914988,0.45816171475594497
348,1156.6875100054447,813.1820810305472,0.4936565856175174,10429.003137427775,6407.447155646171,5161.642543566606,0.2133448275379245,0.0,1.1129118932717583,1.563112989545451,0.7420097761159584,1.4479717176178284
349,8317.23972821469,6408.385762576304,0.5874138486669203,8410.648122737393,5893.695495358729,0.08280159988747933,0.07425654206859611,0.0,0.299578388188481,1.411544366878669,0.9709361425170819,0.8235052824225836
35,10755.861490436037,12057.580052484283,6404.659405894924,15871.865207395344,13763.088419398773,6402.430454192694,1011.507105726478,0.0,0.7694047066593195,3.4759273182708386,0.8965476130538006,0.7678757919283479
350,2531.8656556930205,869.6760706584873,6.870092464624923,11766.04547612485,8371.351843821869,6686.535317429275,6541.229334600464,0.0,0.975247014984346,1.4273912366783807,0.9280670985618995,1.2754806965122283
351,5260.6411938223,614.5261578001769,640.6243548503309,6299.659339362219,7775.720922103822,539.2204557382257,2638.5557088346745,0.0,0.46153879772871476,1.4382911184439524,1.4350267462469377,1.5105365009255798
352,6410.243056323482,6408.2083298211755,6404.848740143857,23362.384202759906,13763.175539091386,17495.749526967906,25001.94502540699,0.0,1.244162235320714,1.5406358561829165,1.1090887218715442,0.7535982999543396
353,2904.0137499744824,636.4249589176342,905.4018437929954,6404.842145230175,7667.306541561956,2258.057763475024,2.2554031410387267,0.0,0.6919417729665864,1.5327630727450856,0.872672495413455,1.5658450684544665
354,3879.4321467717696,1142.1457473248952,665.9774369216289,10955.399096215107,7777.870668967325,6299.763201080362,0.40961666915198636,0.0,0.9034410077342383,1.4327222319312094,0.7738609463386983,1.0180859594777267
355,14599.304836480553,20118.89385813551,6404.972507113117,11893.16666128851,8619.81763964337,3582.440478170998,0.12759926369624852,0.0,0.5587101089221209,1.3968770053199258,0.7233186323780751,0.4697627032784816
356,5135.326978134137,429.98108394460553,1.3458501893581265,6452.916202043088,2660.196031458289,0.7036272785230355,0.9689281166621044,0.0,0.3260928018945435,1.5123705456813783,1.2821773601158089,1.3967564645295583
357,6410.5409998612395,1097.2797822214645,5836.288853921464,14744.359804003814,13580.330588341452,6402.476927828968,18371.036359566693,0.0,0.7430206649543825,1.5437502935113943,1.4021743609489614,1.0535128516744074
358,5351.589550718178,564.13383116568,0.7847758411902391,6404.789645354389,7298.917069737901,0.5607710300553044,766.8364713913925,0.0,0.40742216333625125,1.4190213038578208,1.1764640546757883,1.1863510299168707
359,5632.658574034686,911.3546926128854,3996.092266645329,14696.49159405261,12023.755882582393,6767.600896087981,18701.24470026896,0.0,0.8267943597435017,1.4471145545086928,1.3551492713802187,1.2377813594921445
36,5522.116464251458,474.637650596733,0.9981059271114149,3641.263118758383,6407.815961575479,1.3178566920574044,1.2347535515332355,0.0,0.4052609154855622,3.4595333822611316,1.0779672647695009,1.552352956688226
360,4153.887709085998,2700.9909973777603,3752.7319463730355,21773.807502129326,13763.175488750214,15036.45625892244,25002.002744862068,0.0,1.3026197789442981,1.4861804348947907,1.536461461739826,1.3129163230770542
361,3780.7639892496586,1851.1843547651101,3488.354444843889,18365.362351316,13763.173789752134,9376.388026015298,18773.794638463747,0.0,1.0510530401852887,1.5507515407263037,1.0193333689722306,0.9108778387450311
362,10217.260127485857,16769.514823553043,7405.447016467322,22906.18287939333,13763.174028507874,11609.578574244042,25001.966174319758,0.0,0.9503064706849724,1.5105835578453348,1.2274958587619151,0.6630187349739507
363,5068.229598491913,655.5219581583524,1552.7996712332256,6299.916050989485,7558.349581187094,1004.7853920926539,2913.7770990512045,0.0,0.49919371063753315,1.488507678970801,1.3005192252927205,1.6172362938197344
364,2923.505382616227,700.7451232696463,125.7218324370337,6404.833183685875,7777.747406136078,2209.3183606261705,0.7725168574518577,0.0,0.6326076327965302,1.4767876602946253,0.8364445552431332,1.101519778237838
365,8782.410412114728,13780.88319619659,6300.053744382841,18363.15345535385,13763.162398457938,5159.6113801841975,17376.42654911025,0.0,0.5428920914916527,1.5028515152762965,1.3873780011963976,0.6774613105769927
366,6341.348417958613,6407.185260220443,6323.8603257418945,20954.614229059905,13763.17490286681,11297.927038347529,11948.718732444902,0.0,1.2500429621441038,1.4607317290615398,0.8869923335834713,0.5711135193022252
367,4535.960826363835,2765.710537803953,6096.567433126353,21333.875586715443,13763.174681284716,15182.032522776519,23275.300065936808,0.0,1.174411173959016,1.4001783558050211,1.1019527073797877,0.8459468847969767
368,15264.415090928125,24226.369400543936,10903.373895488561,21073.409477228415,13763.17456139635,11352.835420972255,14460.356493952662,0.0,0.7043731700926475,2.759645834348474,1.0361257564327118,0.4261655473870997
369,2444.960184966705,1258.875941487252,434.7195205463983,16206.136913452754,13763.17255086794,7777.537473539352,22643.806562016565,0.0,1.0991224975520977,2.742726912177716,1.145262613094789,1.4551771149921209
37,5897.325110183733,1171.2553881743456,5387.2667249663255,18783.738605276256,13763.173843924445,7573.382556997663,24978.186309192875,0.0,0.8057538368795651,3.319648515431536,1.49017015044037,1.0292367737179846
370,8532.503084034728,6396.3198143831805,6299.6807468236175,12268.450153400887,8771.102648125274,6300.158385064488,0.31351963996324067,0.0,0.874079738062107,2.7776958265377942,0.768539191819643,0.829589451457321
371,2107.768236847444,1239.9896799307558,11.210134682271095,16048.635899140883,13763.172078760284,7777.834799338773,19004.848101606796,0.0,1.1442536565294894,2.72853474093197,0.9878100920532971,1.2551577308981852
372,5579.697823451155,314.2538471027299,0.14128288037814565,6299.669121650582,110.15315260385778,0.07398562159848977,0.11599151998921163,0.0,0.30993227996201306,2.6754564195498576,0.9451815297655984,1.5014159223231525
373,6410.635275303833,10926.78567792295,7089.780873038242,26387.50545032454,13763.17457343638,12638.963802601082,25002.004252909886,0.0,0.992226228476573,2.685555137459186,1.4455446335945732,0.7512972970866267
374,4458.217142237082,501.0839040544029,232.38969752826242,4322.15899216297,6756.700058800967,203.07273243797127,1138.7629995350985,0.0,0.46016184922767467,2.6965245610771698,1.118913660935892,1.5414554514132246
375,2958.435535845466,1968.5809807562928,1710.0821652594968,19292.89155688302,13763.173847294764,9181.611580544344,11108.77128425126,0.0,1.221885497306325,2.718933263957297,0.8681076746053525,1.009443658771913
376,14778.586188387702,21852.631473976257,6404.923476519285,12871.011995559538,13545.787126271662,8379.379949192864,0.241479924754192,0.0,0.6724008589412471,2.7717997106237986,0.7836367770238739,0.48179441831738046
377,2455.58873841253,600.1561650249982,1.954110369060516,7389.590250940477,6298.5891360521,3180.5260461984794,0.286691344667614,0.0,0.8916158432270698,2.7149735538628086,0.7182052330726266,1.408115934043169
378,6300.4184854902915,1015.3931286981639,6200.459438739234,8257.016538068608,8406.607136013401,3309.4118971467906,9850.728382907615,0.0,0.5899651670266042,2.7487979800534084,1.2583778762738194,1.0681325412205451
379,6411.5388815044425,2251.1242451151647,0.6564656058301764,7777.772093720971,7777.688473637587,0.23886256718371662,265.2206985180472,0.0,0.34804811158917387,2.6710888564936512,1.4273760520993388,1.183972424457387
38,4091.9768436737627,3598.8468578035095,6300.09331960011,21123.89105311103,13763.173669656288,16696.300349666904,25002.003843773316,0.0,1.3334939345200378,3.408686061624907,1.0460025785773728,0.4954249829269735
380,4274.280034936834,880.6059293993343,3918.3059290320825,12726.532171824507,11004.634411071633,5353.507089917282,14659.59101800571,0.0,0.7536577147628027,2.65814745634666,1.182535058565609,1.2478212352100346
381,4891.248436365133,589.8739577783508,0.2664535962579552,6299.851177249399,6969.186777954074,0.5052186761026417,1506.785728245662,0.0,0.3903525971558893,2.611838492981194,1.3538205156669911,1.35650724884265
382,6812.827367062039,1489.046178377054,6300.035143038381,19975.96632372593,13763.171129359227,7777.858439450401,25001.943777021515,0.0,0.7998022634727526,2.6496555245835967,1.5319759000406583,0.8843802598538311
383,5518.547216062837,4039.1156945705807,6299.4272205639245,20656.482441381686,13763.175420538819,15387.142439275458,24161.889859976724,0.0,1.2972212791629083,2.631858182785708,1.0008411195339542,0.6548784474801909
384,2960.575319382444,1162.8438951508358,667.3349071978365,15919.413165567126,13582.85163395071,6747.742575853628,23575.092806174587,0.0,1.0542845365090043,2.634458707105585,1.2249581570597314,1.5860423637371444
385,3300.8865644843586,1037.719791730481,4097.3488515127465,19248.97673469208,13763.169289962134,8241.66052205713,25001.576377161546,0.0,0.9323743188502214,2.7662916646606677,1.2884851221988431,1.1060872710215022
386,11924.458053265422,12481.499711983271,5751.732363256515,12244.83031277233,7088.968322000788,1989.3740567073355,0.3059966938686335,0.0,0.5036621129670228,2.701914028263579,0.8166775253969927,0.7115071632136647
387,11894.321155087819,21035.782843134788,7510.801764648025,21403.51881448377,13763.171107083233,6773.417314459902,20120.36109043125,0.0,0.6249187156733444,2.6236169057223537,1.3781019222795297,0.6183251019129287
388,6410.222381389474,4224.732844564122,2409.7251534689685,8686.523934978419,8779.063234054092,2011.9806110718885,1052.6710127466285,0.0,0.5168466927988407,2.6870578798933216,0.9124790584842472,0.8733950260608805
389,2851.660573173484,2721.433418879327,4258.945452878207,21182.090496504134,13763.175578114278,14890.850593309955,25001.988098322585,0.0,1.2535170818141006,2.6428881621361087,1.0897480650267284,0.9731733645748946
39,2776.156849133991,852.178520588869,825.6028318990253,16375.44499673525,13763.16184254233,7777.77954581104,22690.68330642937,0.0,1.0205181950122166,3.3466641558673182,1.1528458719528873,1.3845409293961166
390,12046.400991867295,25172.66771816201,11968.674546104787,28542.29933616061,13763.176174398166,16878.98583009067,25002.010784591574,0.0,1.1578970898459773,2.73948184642153,1.474037572323375,0.5328537042791992
391,6541.634940019702,4009.918262749011,6299.967223544623,12146.96644384301,11989.8486038544,6134.474315301674,8238.828127858224,0.0,0.6976755747205565,0.04950786235335083,1.1473229157144929,0.8080552892163009
392,1678.565764970184,796.0887914991876,0.5527852240408113,7399.901709111355,4753.4516621071125,5127.384176045522,0.333607554063124,0.0,1.1038915980592867,0.06098393583236506,0.765019772066863,1.2880841995500416
393,3608.91379587224,649.8825885921719,1.6038497938775533,7777.286037245191,7332.660086465283,4573.674164420936,5569.229538951244,0.0,0.8483653388088588,0.10657996135410552,0.9897053736586228,1.4848309316767674
394,6056.337287063021,6405.5112252569415,5441.565216752839,18365.555873643643,13763.174410439608,10618.146636026751,6601.660949896667,0.0,1.1551915760232736,0.04037728839083918,0.9241342285274041,0.765678599666932
395,5162.7402496260465,522.058783451737,0.1964601983326988,4421.246779875842,205.60607393569916,0.09419002013990888,0.08540930432144192,0.0,0.3225068093261856,0.0,1.4640503115989767,1.5405887694877067
396,5137.6214839872655,1034.6177618480785,313.1831622145252,15321.37758228099,13393.617166564829,7778.372002278048,16137.872613343932,0.0,0.9736075974002618,0.16369741985947378,1.1253546525395588,1.0163706688481304
397,14228.317251477223,18665.073044270062,6299.862456946906,12954.45175386748,8370.897809620998,2017.2395834485594,0.19765099297506214,0.0,0.42426824441753536,0.06492063605130133,0.8499031210013596,0.4869879131414479
398,1511.373853531196,954.7021092718774,0.855089935140576,7547.089453627999,6299.543009959952,6300.042566060434,0.6000304551558243,0.0,1.2330268463691625,0.086661313745375,0.8048045502166067,1.3811726677133027
399,2486.1292971382754,486.8363506401313,0.9027143344564783,5680.273641991783,3620.5636930657583,1299.625884843579,0.19025085083537985,0.0,0.6680058019142513,0.11650484333252165,0.7106357306996295,1.0503018290530841
4,9980.782713817443,12467.886411598489,3415.4281039579214,11404.987898377285,7862.125749565421,1.7647124568283021,1218.2240282025111,0.0,0.3017842789373898,2.9913416141776996,1.4033584515368465,0.6818962820117
40,3902.943346442171,1148.52303138945,2.7580918759162802,11634.902085391943,7575.217755426918,6246.199962584244,0.4716280293051475,0.0,0.9476201451113293,3.358230412291078,0.7424921899941141,1.0767109079677601
400,5435.666064054268,826.3646555479468,1044.9144396342929,12274.949395911744,9404.146505359266,7454.308770397878,16543.100663359797,0.0,0.9119696552237067,0.14169415679092034,1.2575813736912462,1.1939950875225749
401,6754.79806870019,924.3643951565259,4728.227385650044,7777.775901210114,7777.751149325694,1510.0436091491028,7037.202609156444,0.0,0.5686683010643319,0.16044597750196105,1.4126585194965666,1.2037578224023395
402,4553.53819255414,448.4305529827376,0.6616179257408443,6404.402442604803,2627.4518914907003,0.44846559382143825,0.45813934318826893,0.0,0.3414574100068134,0.012406359028106072,1.1774941518179565,1.3169363965020695
403,7440.234686505017,1206.507565846549,6240.745378099938,12957.409334090533,13760.395934827064,6399.9814588605705,15328.666311210034,0.0,0.7419241868118174,0.1345968618748744,1.3259943336188411,0.8954590176262508
404,8724.668090455685,13861.31285152743,3267.9937203134464,15008.125333069296,10375.107590114072,1641.587898112387,8231.175749680298,0.0,0.3933636985671943,0.12510203506607157,1.520963644408085,0.646131317367442
405,4261.996689957764,587.5397447631758,1.1277021070752973,6595.609090489467,7426.571875311159,2135.8728037825035,5576.6731430828395,0.0,0.8015159862858035,0.07410406864042901,1.0286263055564002,1.6040961831323959
406,4802.209118107746,1869.8010307502743,836.0357152386625,18331.0743088343,13763.170603899092,9916.339797302007,19746.8759285139,0.0,1.3352182214196051,0.026547060013817063,1.217257280715272,1.114668028292647
407,7900.610813147733,7422.395013141929,6394.167063347079,23935.512712340198,13763.142731594708,12935.46832478705,24480.411155123926,0.0,1.0260892470904293,0.01983255042354049,1.2910488175130492,0.7131656860012386
408,11929.278677828557,22309.27776859026,7223.183655672581,18368.075093048614,13763.170903770382,7780.052696419136,0.5560790422026738,0.0,0.960845849031458,0.08003152042450193,0.8138608322195432,0.5924929093454101
409,7777.742700128425,4468.143185651399,3999.1477704760605,9070.888533275891,7777.873247176084,1004.2640130140516,5756.768937539159,0.0,0.46934409577373803,0.10887725380851437,1.373409014400312,0.8795911257531632
41,4281.3310194792575,595.3136039306017,1.6096675595155896,6104.446119993233,6707.028330910934,1040.71068454668,1190.414546580316,0.0,0.507487732791297,3.44512259745297,0.9874263714950029,1.1905871297463602
410,4654.880179998303,775.0561282209834,1356.0979036932113,6468.895597535891,7777.96129878503,2667.8543787945073,2.334588359497361,0.0,0.6194643290380933,0.09930642062441963,0.8853641857476636,0.9417306571343591
411,13185.164545231893,20834.638993631175,6404.921197212435,13909.369198628732,13763.0703547708,6402.018944207682,9014.761416132857,0.0,0.5290377268697027,0.0027673064173104073,1.0961281002044838,0.5175175731384976
412,12438.955714973406,30075.92402399984,12859.664428332531,28994.560651413263,13763.170433796933,20533.879899019565,25001.18330512701,0.0,1.2496046706798283,0.039280945534064846,1.4716595860189094,0.45334511166215785
413,3571.974068046161,973.4042736409299,1.0710580697785277,11790.153099279363,7778.240185672553,6464.191947916273,10093.94461842822,0.0,1.1771133208491351,0.15279952007145095,1.034192954627828,1.430902569571753
414,2152.008829612086,539.1136553649263,1.4011681092489088,6052.737786213377,5726.581317530445,2498.6476171968106,0.2783012790839664,0.0,0.7351813144738224,1.685146157963121,0.751379078562051,1.4753414325217262
415,7375.097995088371,7576.532729556128,6404.62956390797,20386.354234719445,13763.175039401902,11091.336418966126,16897.383260563216,0.0,1.0747545250124857,1.7207359733152463,0.9760042779764935,0.7452595021019643
416,2865.231609087781,722.9290613651461,2.8801999436406307,8898.656367912834,7777.780125890072,5125.82344216726,8535.922806630928,0.0,0.8588604388650545,1.5652797112121302,0.9547952417841598,1.5190139878908124
417,4437.325689782575,2232.6003331650745,3820.928562095796,24122.64744894413,13763.175736711486,12427.094062574884,25002.009162538463,0.0,1.1430601092223722,1.715214697561495,1.4460788214595814,1.0386513032943017
418,11384.647571835547,14957.74890428762,2919.728345368073,11521.500901772513,8693.481068899684,1.0914615531535856,5.769460339003126,0.0,0.320041651082711,1.698607049507774,1.1300996437967488,0.46588385485123096
419,2119.944993820322,791.8552377779358,2.4888832368001177,9703.511087595645,7777.785754218004,6399.835838645594,3.2169328806325717,0.0,0.982083432512245,1.6857217026256992,0.8464471386885599,1.3718231928308502
42,3205.7559351471637,765.9933659530875,2793.460525472539,6404.835253679599,7777.810454415797,1960.7770655873744,2385.7638280521824,0.0,0.628866532604908,3.4351860459125088,0.9269567750152091,1.2144196160528187
420,4699.169866651362,369.2327732699181,4.4020406964794345,6404.628750709566,2633.488185970761,2.8541267734436016,1.2498340322996362,0.0,0.4446525419338542,1.640060595878648,0.7744613964265469,1.0635812806126137
421,1509.8638027324089,1067.2433956275947,0.48007538485175993,11959.283685994322,8540.389040756027,6234.1918592346565,0.25922793815020556,0.0,1.2419548815182315,1.5785302739808127,0.7073875298121716,1.1612699783134741
422,5621.935291114079,984.9066019616633,5359.387378748246,10498.579755135768,8866.808322175877,3931.0516816199465,12572.635465174855,0.0,0.6835452788549556,1.669305561406167,1.251926009495358,1.2426049793038323
423,4688.74428506988,851.1889797802133,2494.994508373033,16345.738857111874,13762.803229246338,7777.780596738376,22708.743149054775,0.0,0.9149642032460581,1.621880110738199,1.408635948536331,1.334113456133872
424,6410.659151817855,1836.4221031236386,6301.426980719516,9652.787111617052,9737.304891575435,3714.830989544258,6193.141814076167,0.0,0.583768452798151,1.5885925760700985,1.1937874062412024,0.8884074525924416
425,10367.45351115343,15793.862872582285,3126.41059864065,12835.224435292543,9728.480232993248,953.6143139357519,5541.340336803654,0.0,0.3641234977965112,1.6110934083197392,1.343014994972579,0.6504298319920157
426,5385.882616525347,880.5229405665185,3159.2345396047044,10280.852948770835,7777.8481042921385,5068.680264126528,19774.556770960487,0.0,0.7661358090291663,1.6323900226332237,1.5312370520416054,1.5771064674189719
427,4825.706684736166,463.8083774587587,0.3666877282472327,6405.296011974556,6407.6296074161655,0.23733816698425667,0.2668249529686519,0.0,0.386585599727679,1.5972810569628564,1.0250450465096117,1.1390321310570886
428,8170.3035144558735,13019.30982726478,6404.833797319192,19591.205783611014,13763.17176732824,7777.71282021289,18467.012249200798,0.0,0.793136255759346,1.6725995685562924,1.214879347667416,0.7248053390518481
429,6550.243869652973,8788.28177641073,7777.768979066418,26044.95890017656,13763.175234133909,19473.897489378698,25002.001085082113,0.0,1.3363819944567266,1.7024552422621038,1.2858088339049982,0.5889181713717915
43,5895.268347947709,866.0507802006894,5116.608723486321,7239.48670970184,7777.764190397719,1595.7117513792712,9605.361397258439,0.0,0.5341095705243156,3.3634310086048815,1.4440754356026875,1.3269135818702082
430,5906.938649434266,2158.8217739149036,4019.688347391741,17145.492364669237,13763.171143014799,7777.767859236231,1492.425359746194,0.0,1.0310129154033747,1.656770547754081,0.8317485497554172,0.8757984602316434
431,4929.630470851047,1425.264760982877,4982.622656714134,22037.12725931316,13763.151816147867,9829.939760761126,24990.786518419452,0.0,0.9412411493922139,1.7308317311292776,1.3750217348438782,0.9382420417536241
432,12920.016156866206,19801.092817167326,6404.98418930351,13918.398270471554,12209.96399113704,5918.689831770866,266.7410998617073,0.0,0.5078746715853011,1.737807778025577,0.9031378339013714,0.5657287917537807
433,15258.948046022242,23149.586784128616,9050.029923238782,18325.472959098777,13763.17076192248,8817.929648752592,15180.661947135557,0.0,0.6229174650416491,1.6087208116105016,1.0849325388010755,0.4433446973453707
434,6300.176187691988,927.5416155585393,4745.237220835388,7753.9450599064385,7777.7465450804,1664.8443041245446,7414.38463864687,0.0,0.5513236520882849,1.6481332812936855,1.4836007696919284,1.4371119909359218
435,5754.773314580243,4289.73404939085,6300.093910387093,21627.127654873966,13763.174758112516,17254.357318204427,25001.876100481633,0.0,1.2780071036383152,1.5837061423388887,1.0604848268644163,0.7965895994628847
436,2609.0131537072857,1920.8979471331745,1653.4162309782157,18259.598378285504,13763.175045364776,7777.926521032103,25001.931418876793,0.0,1.1934258334398888,1.6361407274456305,1.1702177604950879,1.2704445353459346
437,3220.5694365771406,710.2972797334315,2374.6708051343617,7777.804215497755,7777.826252376121,2831.3540401625964,5786.379937965768,0.0,0.7029748112981977,3.6225645515686167,0.9919312597012725,1.5165127099144502
438,3624.6115914560037,1824.6772917095143,1669.046912312432,18363.9229013071,13763.174726075025,8530.012948232865,15921.829039799868,0.0,1.076202772007276,3.5455457477749497,0.9356625503791924,0.9899898284191815
439,14432.621920696718,26865.669094911966,12889.43298734275,25864.22149437937,13763.174643407972,10354.772866362133,25001.952286635747,0.0,0.8404267122296734,3.5288676954294202,1.4321311722926677,0.5064881473987775
44,4451.97589776297,3770.444717661889,6300.9745484868245,22948.11827890887,13763.174976100785,16648.4186122426,25002.00345477212,0.0,1.2808843151487554,3.4604944920941394,1.1350392794649058,0.9142520376204784
440,2268.1042649689102,1394.6055737672996,1089.7173631230921,17054.574376542205,13763.167985385844,7777.593941744758,23817.550953292095,0.0,1.1209134161343297,3.6521969729026176,1.1290640900702527,1.3772173223523048
441,6579.414238907101,3003.6355105745156,0.21963878544627194,7777.770033641082,1265.8972240523005,0.07091580392095842,0.10795507373858916,0.0,0.3067741449899622,3.5391031079340225,0.858274621692617,1.0524945558439536
442,3154.499939515103,1011.8457477256209,4.645507860992477,13477.34161563635,8166.392609486453,6300.093730949067,2.075105825995055,0.0,0.9868014819305251,3.5539534239619166,0.7767035763938671,1.1528547831747502
443,3725.6849290181526,237.9072469108434,3.117736648624687,5627.150402380937,829.9030086950469,2.2204903019353757,1.2749278234955537,0.0,0.45261775983530494,3.4874161948505358,0.7208823597443476,1.2068523348169655
444,2688.62162099688,2304.625842770133,4007.6709491804154,20031.68263200551,13763.17511839835,9673.226135320128,25002.006470026667,0.0,1.2282163273093207,3.597324126891851,1.2561964633820324,1.3433342341089354
445,6977.425001873265,2488.3148844813495,6404.916246537302,15513.76333732854,13727.93521126968,5467.231070493112,16157.530832566747,0.0,0.6484135195279856,3.627543079916293,1.421308954586758,0.9073638187870341
446,12256.006416163576,18808.821193314092,8202.408816683248,21140.676729450246,13763.171058035525,10816.484275572206,23586.618795028586,0.0,0.9061053472370255,3.641025637301293,1.198811099425055,0.6572150942844486
447,4833.538959022479,944.6423407715316,4532.110261766313,7777.703342784298,7777.539774100663,1736.179568143432,6182.834319384058,0.0,0.5742414634845804,3.512346661688706,1.3291722393958052,1.5908868958292304
448,6841.873754464825,4171.752611515437,64.56249509029311,7777.797634813003,7777.546367701819,0.39972648061842797,1574.7901219301639,0.0,0.35901441681177454,3.6115890946319555,1.5391081542427512,1.1241578793009115
449,10903.004190212598,14154.369777374926,6974.70823488455,17419.227114371246,13763.17382476912,7236.899202811135,10509.910064026628,0.0,0.7755192534498905,3.522666699818306,0.9948294975628393,0.7185639347186056
45,7373.666848873372,9326.891338207466,6404.954418774626,20199.409693815924,13763.175450308458,10883.793198793648,9118.973167543949,0.0,1.1848079197405195,3.4437449985887647,0.8733403780661354,0.6707623622864664
450,12629.036150372898,17844.132013785726,6299.946747999294,13470.853046617718,10320.246633077422,2797.607881509411,6656.436737792678,0.0,0.3872082449747138,3.586331097458688,1.2402481555299265,0.5749467816032577
451,6300.053555793245,2624.9722277817673,6299.998975036095,18429.050603183838,13763.173201397984,7785.601940688872,23688.562008727164,0.0,0.8253947475417085,3.565895048464131,1.3065239708840446,0.8719702246760535
452,4008.8027950651967,3063.070263746862,213.71588687348373,17004.458901318685,13763.172384398926,9306.898833429168,5381.6485978158935,0.0,1.3047180979826793,3.495094015703506,0.8230836576949078,0.9545323191372026
453,14042.646663682868,25346.949169730662,13405.2824150093,26482.89846224851,13763.175929751624,15191.421701787394,25002.0104854315,0.0,1.035115348142433,3.5142995164672945,1.363417785658437,0.5499417592423345
454,15270.353163332267,26465.791843498468,11504.833727234183,21622.74203799139,13763.173106031798,10501.026774151875,8046.127798398866,0.0,0.9272945394110719,3.6167391510101505,0.9108098066459942,0.41
455,3846.6855926459707,507.73456841875276,319.58298479371587,5080.663397924953,6599.021549453637,282.54975962269424,1333.8112414005766,0.0,0.4815406027679521,3.646249524731202,1.0713140342127838,1.4605963705598963
456,8661.010257070551,9444.149431565456,6404.998518179198,22660.77004943245,13763.167590160541,5544.869774252329,18290.688802293967,0.0,0.646303553623889,3.579905823015981,1.4942102551224776,0.7820927657095442
457,4530.755888223728,595.9250976807776,248.7580654758117,6300.748305345178,7620.453291598222,1022.0673705462536,1945.8404334995996,0.0,0.5177324015052107,3.5677019067757936,1.0496171979675433,1.2682719122015378
458,2595.931710640759,2338.9278111918693,3703.400896299571,19008.79030674503,13763.175462496136,10724.334388662786,25002.00104039454,0.0,1.2699209860780312,3.5926227846939613,1.1624670505579093,1.489273091134655
459,6300.126056462473,4699.318021308176,4825.63918761568,13610.87868853855,13763.173169885578,6524.720424485326,0.39921888157962576,0.0,1.198926320299187,3.5043292159557873,0.7479991133294369,0.7721694706068032
46,10843.034812409323,13019.1113730838,6161.716677224484,11364.316095228285,6739.64511952817,1778.8841256403498,0.17176173066769576,0.0,0.6987202907233087,1.0703481949823381,0.7082256686950474,0.6934314768594412
460,14645.700083896367,23619.07402209527,9892.320170295461,18364.139888520098,13763.13923534518,8562.985947691968,9913.290312923687,0.0,0.7341016416507888,2.4719761338765496,0.9412505778812085,0.4785762112303046
461,3760.828955930956,1610.8616217004833,2969.114436732475,21075.79792732289,13763.176185479495,7977.763867796235,25002.01056796843,0.0,1.0773598843003787,2.462578163350464,1.4561552330324394,1.3752238671704249
462,3381.949392219127,929.0424934949059,2455.8985187990716,15924.101608163264,13763.16274199551,6923.247533506885,17785.089606854086,0.0,0.8510660778236505,2.5759598624646185,1.1196682830796063,1.0597281461008423
463,2304.297157389704,916.9798563309232,1.2106461422465644,16228.955921049554,13356.271258763622,7757.717671322186,4488.195701171701,0.0,1.1149096554288935,2.6028563779147746,0.8529881201190461,1.1823031565035498
464,7457.56547444219,355.1470769896436,0.3163439287371863,6299.844628900544,27.645522685183543,0.16122118265220575,0.14861443130081745,0.0,0.28,2.5547334920024656,0.7925054110688702,1.2443788249440646
465,2055.9578955299735,700.4779984370414,1.1917632254358421,9926.14203246289,6300.057342577375,3797.160828654451,0.5197839577319779,0.0,1.0070554023090632,2.4385823652583345,0.7046536590423287,1.3524354771145826
466,7379.365718018621,3451.6414685640593,3058.8155835398697,10221.470214894543,7777.789228464328,381.5997718190152,5665.409293654236,0.0,0.4298119815813928,2.4926512429408096,1.2624451878675287,0.9202023004670714
467,9479.25043411264,18369.177169465158,10057.498779611291,28105.80015350219,13763.176128815488,17870.53860407304,25002.0101879229,0.0,1.2244427424756046,2.587262836248663,1.4098691699841797,0.6350178303928439
468,4437.704497031121,834.4136671086299,3711.971813356479,7777.785545634502,7777.752373690227,2192.184787798313,6486.920491919186,0.0,0.652634604615018,2.532360528000913,1.207891223125531,1.5885518853958787
469,3919.523550286316,982.5518897947679,4381.590776344928,18970.56171389261,13763.165168738622,8118.363406472601,25001.73602486686,0.0,0.9188589145580413,2.5635177117455368,1.3579507664644974,1.1425184392276981
47,12247.039445435352,24509.411988125903,9858.70431197405,24879.527577235804,13763.175002139476,16024.54595763055,25001.965807034492,0.0,1.1091575317527198,1.1531132445669912,1.260709675947608,0.5788892178328748
470,8848.443732562208,14102.33253963991,6405.026779362973,22112.008986061483,13763.172468330058,6003.561173385482,19657.998598770995,0.0,0.578757923682069,2.544870295755325,1.5150423032350178,0.6942333235733829
471,12226.28446194768,17623.602747666268,5013.055753885201,12601.422741657238,9036.806401427926,1075.7499831032774,350.0535213438237,0.0,0.3693179885599934,2.572278182564775,1.0024097129940646,0.5681016766494906
472,6300.380344494585,6292.471107913612,6299.313384933275,15868.02379119216,13763.11301151576,6698.758177541757,16096.801187903275,0.0,0.7498373784508872,2.6090855479204293,1.224048810503077,0.8447233642600178
473,6708.786326327907,4172.2327598267975,372.9996839393153,8832.732822912394,7777.77997849433,0.19184110263915752,1506.4314471018643,0.0,0.3742792200858251,2.4749280873933,1.3189738187068567,0.9854653081129663
474,14005.590968825762,23518.42281879548,7777.557347173139,16215.114486075725,13763.173666528859,7777.811525572702,0.7982171854190628,0.0,0.8137186302045318,2.524306443605206,0.8386765612581562,0.5179153764227711
475,7027.536099240555,7846.819710973884,8288.164711144407,27780.20043036013,13763.174396682105,19533.336965443617,25002.00279116391,0.0,1.330925350569909,2.4513789821594583,1.376554980147209,0.45648891342428105
476,2012.211366532404,880.3843554800808,1.7936303436334493,11717.36488108235,8436.011422070242,6402.697224973228,5731.349976552233,0.0,1.0554243341089984,2.5371469844137273,0.9007217157366232,1.45777902024984
477,6410.345922598436,5726.419701009185,6299.970896633577,18364.682000733945,13763.175159208426,9505.02087971408,21150.85158679439,0.0,0.9340792226218944,2.499736775375858,1.0926518383262849,0.8159630156196392
478,5774.155984919424,805.8845387126631,4396.365486069425,6404.857624078828,7777.783605258127,1230.6873310467051,7421.5570129440775,0.0,0.5033637727732696,2.4821608197055207,1.4801868869547363,1.3003342615115665
479,3652.661032900102,767.7308643168055,2964.3419618176204,6404.860998333668,7777.753800089181,1185.99648464591,2671.6437169190704,0.0,0.6097644696435389,2.5920628651869873,1.0413681258294223,1.4833534392830297
48,6410.589751579888,1472.5801582930637,6300.0168762088,20338.34858225452,13763.172738243844,8731.967840343783,24579.78882599928,0.0,0.8661503732981113,1.1849460052923613,1.414776076368875,0.8585824766418408
480,7676.706517170931,11416.328841939301,5611.613820346892,14190.44190584818,11723.982606406078,3317.5722027268484,8490.758773154419,0.0,0.5516622488566527,2.5170775178361855,1.139344240358164,0.7557727836517796
481,1322.7417660709816,1340.805877621879,0.5234089824791662,11602.487215232897,10526.144056863406,6299.998515928715,0.4261613795653731,0.0,1.2909642188034338,2.505779769026309,0.7452838931129141,1.555221977198692
482,2617.858973071915,1736.5368615364828,1854.8479648893328,18560.207366611936,13763.174180176768,9501.584542086692,19006.59488578452,0.0,1.161817992963495,2.4588965223363286,0.9812027106782512,1.0411773269319293
483,6435.760147461266,1145.3049109069923,6299.761438170254,13944.559387682917,13245.414556172827,6043.671486080433,18558.45275302208,0.0,0.7147108616057891,1.7490108224936398,1.4483840682508493,1.0646164394606898
484,2556.3683822514467,936.6964896893215,850.1807426019665,17409.634070223965,13763.174416064297,8093.84690803329,20077.745279015453,0.0,1.0674669176719946,1.8289305353400165,1.104175957079995,1.1790136093661767
485,2704.0076864461157,767.4601693634792,889.3416641340453,9573.847209537476,8221.465397063059,5802.4459511177565,1574.0993289636776,0.0,0.8622325482640507,1.9074671204854767,0.8627132401067557,1.2328604093958455
486,1669.001090600961,849.0094705473707,1.4115823126406284,13194.890425750138,8474.034830439465,6402.47268456538,1.3682690900686716,0.0,1.1161107641750316,1.900045104736807,0.794281972400456,1.3213637558438793
487,6883.6327629175585,5340.737509986644,0.32947435117666907,6404.812713838397,104.88290564639027,0.07999641824087138,0.07551786525636514,0.0,0.296636697978,1.8947556881138534,0.7313076742839557,0.9064192380448954
488,11418.219575382278,20810.874222541715,8983.718028381363,23993.137439136284,13763.175244361257,13544.041319173502,25001.99439298012,0.0,1.0027746535328168,1.7630833233362437,1.2803933647690555,0.6255695288606173
489,4752.887007901797,476.78568996836975,2.267367868303086,4561.703988268792,7376.885490147399,267.58255101869764,1261.7753505104322,0.0,0.41948752604352646,1.858014692794246,1.4064512547651846,1.615081505429715
49,3884.4634695794844,1884.715477118813,3719.184609644614,21745.676161180658,13763.173376763683,13135.04993100442,24700.229103632097,0.0,1.1238136171418667,1.0740319569971282,1.1968882096987206,0.9491918434624451
490,2788.8564173998384,2263.322360251271,3492.2411713906718,20306.579129475835,13763.17573122519,10096.118748286404,25001.978899739574,0.0,1.241490714551217,1.7751694430030822,1.2064262988658503,1.1376641327369035
491,8879.157130781015,14775.339061495337,6404.988270981938,22210.00617169254,13763.173960713004,6297.619789535394,17330.81002923226,0.0,0.6772046687807222,1.780636366323023,1.327761837096614,0.6837531855668669
492,12720.001835983117,23637.66944431327,9720.027716113413,26561.089832647987,13763.172437282588,10930.261315443278,25001.95460834548,0.0,0.8859391736152882,1.8097194336228684,1.5275612860519383,0.5802625976605232
493,6293.323027564074,2097.385141304064,4804.690992375139,8562.268224683214,9593.664561327276,3466.5639183639855,3058.435823375178,0.0,0.5804973916728884,1.876024570896231,1.014471162706003,0.8685174075085652
494,6614.380081334662,4389.95555123114,1.319594216159188,8360.810009406854,7159.968634632972,0.203585868884988,0.5929782248476303,0.0,0.3446836914469661,1.87287075122796,1.23585443103436,0.9791176436291003
495,13301.956695296247,25319.985516167606,10985.653742321767,23993.308010085886,13763.172612614235,8201.677177800495,20583.96804881056,0.0,0.7575550622404519,1.7885429799033903,1.3138353954377484,0.5396532054398339
496,14080.141269562482,16942.433869458735,4462.366262440937,11719.684261174916,6407.638065895118,355.8008920784596,0.06659351060095668,0.0,0.3779461252896021,1.8309420967962335,0.8205373118677055,0.4167071002428978
497,5095.338567214847,962.1711917284301,3063.649422495505,12514.95154183507,8979.49431553989,6190.086094680174,17462.208876696626,0.0,0.795341900175585,1.8855932264340218,1.3649971149748583,1.451698951666193
498,3932.625516985917,3363.8482129237464,4128.644726172904,18933.544426344513,13763.169655127187,11675.010341926149,17026.224038706678,0.0,1.3288935034634572,1.7951921797723773,0.9089019128034487,0.82567173582394
499,2584.089529264265,899.2446555010366,129.60697634693716,15447.463369983052,13403.090389113537,7777.776394640942,18609.02693879653,0.0,1.0609834346760187,1.8517229376701891,1.081746271548126,1.2918786184660265
5,12911.721647599104,20960.057181345754,9681.954081491916,21988.67979433596,13763.175021611833,13495.97549093892,24153.081846101057,0.0,0.9893173307771144,2.9641075951563933,1.1803806296236705,0.6133864197171341
50,8499.58697116316,12387.547316395749,2657.6649247517485,9896.025690938546,7777.768035237307,0.04586500327575404,0.09418442661319512,0.0,0.28100179053332036,1.0885680719241249,1.349099365649634,0.556423944581589
500,4246.247004139241,839.6798172072662,1948.9555993181373,16527.945730208532,13422.299081459687,7777.7152773607995,25001.949656560024,0.0,0.9526271285769699,1.818315832661907,1.4864288704692492,1.467991201591295
501,8582.743249100475,11156.712431970489,4662.712549285109,12126.601188855011,10008.417455524646,1806.8043559224864,2940.5641788290936,0.0,0.48744582350135307,1.754156841218753,1.0394420518920966,0.7337409504964987
502,4158.3244847734295,844.4835196861425,3774.424323847802,7777.772556501021,7777.762914515949,1747.5134382289796,3867.188882833851,0.0,0.6376605785452041,1.8044960993743613,1.153194550355871,1.5574012468099652
503,3185.8585371985396,423.0476312883214,0.31957919459931233,6148.960661674162,6266.521899867364,714.5185545260875,0.1652765254514442,0.0,0.5146000538577848,1.745664371660133,0.7570574670175296,1.0111883038896117
504,6408.473230000377,6300.037238977373,6361.947974200846,22091.435965735935,13763.175608010779,14699.189026658823,21260.225633792255,0.0,1.2717113451666497,1.842497030443305,0.9829895579409643,0.5089605504110077
505,1629.160744088476,1345.2213260833514,2.2002217746701778,13995.881614558873,13223.104862811142,7230.330341126171,9520.583239271686,0.0,1.180060390564368,1.8634905698194475,0.9317994909403263,1.3702521814305755
506,5130.405962106067,783.2193238345825,3135.1451570370973,8333.78235269839,7777.831536119167,3857.7791205377007,7768.942943172915,0.0,0.7275845517919124,0.23986514474029075,1.1385517866025312,1.2394029405039582
507,2160.3604241554403,874.0928483819708,0.7114940359707728,9907.189447897103,6758.676637855148,6402.4801649915635,1.009655963155242,0.0,1.0722696019359839,0.2920434331033947,0.8640838407012058,1.3438830596726543
508,5074.068716647271,1493.7999671972625,2626.247227600472,8892.358679373152,8079.850492207657,6299.735610637416,0.5634648693616218,0.0,0.8571433315693648,0.28810186492001566,0.7848475137360462,0.8985326451795996
509,8446.86432005885,12690.832282205449,6309.495816814615,17015.133234631547,13763.166345740654,6401.388027792224,0.3512175393267128,0.0,1.1258424138125092,0.3092498438175156,0.7330360048110671,0.623901083584344
51,14698.674744512107,28751.141362301532,13337.207609693656,28392.284283034023,13763.16446194842,14169.689080257478,25001.905978549028,0.0,0.987366362699539,1.0488689959979862,1.5070650444156892,0.44801236140045714
510,5114.866242340895,275.42003282276926,0.42442371195912537,1427.5270682308835,41.01929406711738,0.2933567511549954,0.22591079261290486,0.0,0.2896253823537921,0.27289725383648405,1.2642089949528552,1.569592992220787
511,5494.368755743742,975.5376741818347,966.1762301527953,15665.265267019979,13763.171923602653,8960.35888172153,22683.531716449175,0.0,0.9967843810810546,0.22574798680131897,1.3992026329518417,1.119109899815451
512,7874.932198983963,9382.883507190836,3880.688783275972,12418.943316553128,9387.373011870088,234.839080248129,3613.3456106322205,0.0,0.4215856389900131,0.19220604410617279,1.1910679565556685,0.7007857440609592
513,8033.977367706685,21533.90422035575,8399.828555399434,26158.310305438514,13763.175054311014,18049.744709840743,25001.918178253174,0.0,1.216681673106209,0.2674036402069442,1.3402489170159932,0.6148942226897504
514,8039.987121343325,2646.1207584159033,6257.573324875669,14304.842505573679,13760.269202222149,5652.540127909212,16111.100271239966,0.0,0.6573055181033242,0.23080055544005246,1.525867790971685,0.8404940530288896
515,3827.3602371745706,1023.1454638761077,1936.6913094022607,13413.475389986881,11802.079461781426,6878.8732412677155,11365.329408797003,0.0,0.8867271073493264,0.32762302974060814,0.9996194935411504,0.94631215821915
516,12503.047881880679,21401.576699745394,6404.919076591197,16671.711119077652,13763.170268084546,6402.180534411574,16015.269938977008,0.0,0.570529475094842,0.3152889900425827,1.2318033183909496,0.5456501440728976
517,11448.128752703622,15716.275899482156,5708.639130245031,13067.211007602187,10115.750912984917,490.7322338873597,4673.0070428508625,0.0,0.35130027737123615,0.253564642948379,1.3051221336230348,0.44522006154633836
518,2595.296546833291,619.3641578568605,1.565265815525845,6404.595061485606,6407.516991958499,2726.0296568055714,0.42788519762988014,0.0,0.7519105007994615,0.275038315659153,0.8298156179667164,1.433193011931184
519,8038.753017009373,6408.366548333614,2786.3363796253484,10838.460114707628,7944.903402298332,0.6699296424510299,3237.742769491286,0.0,0.38010559691674,0.19003974024882503,1.3925987891346372,0.810056279542051
52,4719.464288990756,501.9109771092666,0.8164673308100169,3813.0993823395283,6407.640807834426,12.597983483876972,0.9106933898119107,0.0,0.45509750475954897,1.1052299998588415,1.0268509451919259,1.458272893658797
520,3006.118905115435,683.8893114067147,228.0603381332751,8217.1946582436,7777.753958626773,4681.54113745114,2647.0471882979928,0.0,0.8118666615616945,0.334947987221564,0.9181732969514742,1.279943543166848
521,3393.5080166641183,1097.2543551785027,2.169486712401113,12018.907726104304,10249.795142767616,5280.572097244363,11538.883848403073,0.0,1.3065439358777031,0.1736567379206416,1.0662045323183846,1.504616370583839
522,7249.713494400135,6408.030102518841,6403.590470307886,25237.45925328206,13763.168990527325,14231.151451231528,25001.876530928657,0.0,1.0591884346390519,0.30176027502337466,1.488152650051342,0.761488526632501
523,3657.6168036809427,768.0409758984747,12.495294647219378,8032.410977357113,7691.98607828944,5621.010091156957,8735.582183629653,0.0,0.9644820176103406,0.1799440683093825,1.0518002961913753,1.551303668935752
524,5853.89865657082,713.0548089972236,1954.4749430050583,6404.70439704627,7777.777521859832,1097.145184914728,2964.7675895991283,0.0,0.5007191323829916,0.24578050539183313,1.1570589596455325,1.0272947218500852
525,13994.68254614387,20775.866680015813,6404.535299849127,11717.409961617683,11846.19515917059,6402.370193295148,0.3126753398836719,0.0,0.6410366980079869,0.21062680073826404,0.7461205164720458,0.46839780416275606
526,3915.558619553034,492.9258486290362,1.2616294535904065,4454.158010721276,7030.288398184519,61.303109672334834,4.127414926175509,0.0,0.5209928961440237,0.20354321529848707,0.979897731355059,1.389421620183654
527,2587.6898937842616,1564.256810924837,35.06556435531102,14079.199542839855,13762.714901934945,8743.044259068372,415.62158712920734,0.0,1.2628633114734367,0.21990836083508622,0.9343094862846553,1.0723197959722595
528,4854.8570618252,1338.1094414927384,2400.1623366077547,19074.720904251568,13763.17517110963,10380.134648480338,25002.00255379496,0.0,1.1731090250019558,0.3363530423937348,1.4544148947888123,1.1638244315265929
53,5716.098278753238,4065.228551730875,6305.912983803742,24209.271872716192,13763.175366665093,17501.393561783287,25001.97877783283,0.0,1.2367423741111252,1.0583065707205694,1.2384523078845717,0.8045836544481006
54,5873.785661140362,994.4452733884239,5381.708220286454,9136.424337850709,7777.807518560545,3566.659336218759,12500.37095309522,0.0,0.6613419963098677,1.2040441223159313,1.3084469620652062,1.2975527700615896
55,2320.629138561197,632.1935358710424,0.8766185336805113,7777.777414423697,6481.604171251109,4846.784005841195,1.1313367412285278,0.0,0.8809968774281496,1.1102860949313154,0.8440088024712277,1.5084809699508788
56,8759.806510010501,9293.506945823356,5760.358377658924,19178.1858416044,13763.170985647039,4432.224756040787,17441.9857391117,0.0,0.5990350659708008,1.1278664075629325,1.3853780150805979,0.7269701775585145
57,5477.658054241385,450.1910411773062,0.20723565928949061,3140.1134886576206,530.5768527016036,0.13256955846648985,0.11277372542098775,0.0,0.3562743598140984,1.1610547872134174,0.8980791410112565,1.5363974088306798
58,4637.022092017912,1039.204195353099,3980.240939706357,11999.127783738335,12042.100389756464,6299.799507450289,11594.540154549748,0.0,0.7681843359459786,1.0997970296018789,1.0883053755204184,0.994206731765733
59,12587.319817469526,17373.030670320444,6300.128374901576,16866.280124048695,13763.10181542263,6402.452043732469,12836.034074600302,0.0,0.41291723616009024,1.1632526837140122,1.4931168666224617,0.46324317157813544
6,8455.30776626214,6407.825003454522,3806.3356715754167,12912.004607516576,8476.723900969939,194.43460887327038,7371.002195261967,0.0,0.41897435878922284,3.123805458433422,1.3461974561721717,0.8343333843771044
60,3569.865778792236,772.6139894329972,721.9615818067415,10359.454219993551,7902.272397419895,5263.497531014185,11538.499322709711,0.0,0.8231449742332417,1.1357381077220579,1.0627938764377987,1.365580036715488
61,2802.656406533904,2367.315905412595,3169.4246055784984,19000.897503681816,13763.171069673897,13362.10152598535,25001.98574725652,0.0,1.3163869915428401,1.083312305141104,1.142521251881609,1.0938937393043984
62,2220.04769310019,859.6091224592528,1.593042483609186,11688.283742673224,7223.261585367275,6300.015992673143,0.8495064182291198,0.0,1.0368655849538218,1.1869203745389745,0.7627741145469846,1.1711169399065922
63,2676.140061303638,852.3391263013705,157.03510348027885,12607.582406186868,9460.047144335716,6753.743211032246,10827.330534902736,0.0,0.946263624320097,1.1178211350618616,0.9728592913754857,1.2054023793058553
64,3535.1192729990553,463.94497971217623,0.6247750242823483,3327.6855720293265,6300.2676577915,1.9579025971347739,0.3676751193719497,0.0,0.47332525947121584,1.19702413026742,0.9206377799275115,1.3492019675454459
65,7777.7835333688245,1229.1965430782684,6308.2553973089425,10921.047890867236,12139.532618801373,4755.927511641404,15786.102059990266,0.0,0.6302317831769124,1.0431074701544185,1.4411862478924906,0.9234202779762404
66,10272.196784991693,16564.850842260366,6300.021561282024,13784.90491897762,13059.339827804732,4851.632618134963,8587.194055699116,0.0,0.5298025219210523,1.2099726710455454,1.1223961697970701,0.6329873917533029
67,1580.9901495805998,1197.8092448501982,1.9611311260149984,11141.205129006821,9625.316410368854,6853.631118159709,2.238662575325937,0.0,1.2838084669827514,1.1763087627047513,0.8507752573638769,1.5723098748097588
68,1988.2170816889343,1075.6312493805715,1.097822309970885,15387.64634712478,12387.275270154223,6402.655511208679,0.8489989503314187,0.0,1.168979794599432,1.143890550148929,0.8040878122042316,1.1043667219195858
69,6375.156906170579,5012.723160919929,6300.994313031093,16108.172196169038,13763.12976187748,6402.641966913947,15398.234993426247,0.0,0.7187708293476767,3.1963410034507485,1.2663744494987657,0.866398146886322
7,3965.0092938235834,3099.173152723688,6306.086096019983,26331.3021451571,13763.175039358475,16230.45227424116,25002.008400112856,0.0,1.2352688012076716,3.133076960418039,1.5170056826632732,0.9886123929418285
70,3651.782855730029,2393.1851539199793,6296.617326156492,24906.618505454015,13763.17518585473,13325.337241708678,25002.002884325088,0.0,1.091798881977324,3.2670851037732134,1.4010316064660198,0.9682258743410719
71,13629.654030325737,24926.871602667372,11457.650917164545,22587.805167651182,13763.167416375993,10041.620324325711,19941.369801245204,0.0,0.836913777027267,3.137814806188416,1.1951365427148262,0.5598112493568127
72,12164.913622749826,23768.850586819306,10803.270275860641,25725.795981904565,13763.175558500701,16240.50548079261,25002.004122150785,0.0,1.122843173510293,3.1690248567826163,1.3346103099545696,0.4503451502997079
73,6633.952045939064,485.482000595342,0.12513718961214748,7496.085139383152,1939.7564376742855,0.06812269438828779,0.13066664481538964,0.0,0.2976194210334767,3.1532369358923766,1.5115205874565794,1.4440381415298895
74,6410.581830625718,6300.032146674977,6353.136708066866,18056.842225247856,13763.17553681162,10189.223888713344,18761.371087420528,0.0,0.9949776216084907,3.288034978610244,1.016685443461955,0.820842246936249
75,4319.708100576954,613.9560378189037,3.0486404419388817,6299.368896826012,7183.808024344419,325.36389360278463,3070.844868865665,0.0,0.4491046115138723,3.247353724237129,1.2219229138445775,1.3027312170627667
76,3001.936263257492,2390.0574393454153,3374.545337701697,19236.82602142223,13763.174920075578,8607.812763967107,25001.997091723297,0.0,1.204627905339483,3.276747213065617,1.3101697522694513,1.4798282682268207
77,10923.553314800847,9085.029833920476,6299.979588345232,13227.352785669078,10701.15742640457,4568.461712161357,0.2844945298608549,0.0,0.6631432796883074,3.1490710115446365,0.8267709125660194,0.7711533948389349
78,3986.796611274701,779.3608432080392,3129.874481603804,15067.87916759903,12241.598635283242,6813.326354151454,23076.098721743827,0.0,0.8787876111002992,3.239734001547935,1.3706626708786969,1.5279010433457367
79,4629.41822150871,742.1439786118281,1640.2973657129105,6404.820138666143,7777.980295773147,2685.1705511167597,1731.0924375741383,0.0,0.5831016502187963,3.172831824534394,0.8935385138502315,0.9930427952338305
8,13577.3739509446,22377.064466172313,9694.36759737797,17375.136852559885,13763.171678837143,7777.795343961943,12336.78190741293,0.0,0.6691131346619968,3.10150022858467,1.0044206963683437,0.5370026029450841
80,11454.60771168728,15556.281456966317,2999.344636799725,11652.287848386128,8800.490690757348,1.6139464055063384,0.40085131170580823,0.0,0.331719917577537,3.301049962418397,1.0675408641882893,0.4786473206857688
81,5570.690453574545,946.6067817868361,4794.512450637152,14327.308397794597,11531.22470754328,6306.889638051444,21149.302537966665,0.0,0.7615030129673299,3.183636307150944,1.4711423952178655,1.379943295591241
82,5985.671592429846,786.3253837364721,1.0255522754765438,7777.775350369865,6751.873641516268,0.6077762080374339,0.6329302135144566,0.0,0.38473617899086904,3.2089316470945035,1.0481885161538274,1.087475662545705
83,3690.9919067481655,935.4866232115461,3167.2973292567626,14674.268019461188,12080.178968619972,6299.910809041415,16445.73334980529,0.0,0.7905738195682641,3.188203559243775,1.1646802138168983,1.1751692117607682
84,2170.2303283537294,1753.0108957097561,1.4740519466237871,15247.089374604686,13763.170570431004,6402.528153729213,0.6051121461410778,0.0,1.3399999999999999,3.257228616002589,0.7612482319522572,1.2457969775644233
85,2366.96915700893,880.2767982587105,2.847504649236443,13421.908913104766,12085.919213704241,7777.398227451855,17082.27311293063,0.0,1.0467622826348475,3.283533232542916,0.9643591866966522,1.3235034010172784
86,6300.559398572918,1880.3085850671325,4488.3625829389875,13918.727227260108,13763.164625707439,7777.939782981093,11577.887090950033,0.0,0.9307963501584162,3.2255922440299702,0.9302804968299913,0.9007150113051303
87,11377.500736087764,19195.823034276582,6404.9693058140265,17237.06447347232,13763.161917734138,6300.097409649358,18180.85409518016,0.0,0.49659823890422694,3.158736463305025,1.4505956048753954,0.6277901962717081
88,3858.3845586907337,810.4003221117761,3212.201400528981,7777.781381623338,7777.776422064544,1836.2460900802773,4342.780973151834,0.0,0.6427799112632275,3.211122696150257,1.1138632315903494,1.5783856949152768
89,3747.3672561479193,427.2015475009304,0.8964178842315124,5819.832006847495,6407.628788840544,756.0190501063482,0.8158827120578437,0.0,0.5095981541385541,3.252289608806687,0.859133374947054,1.0949655612542064
9,15657.669403479222,27808.903004465305,13405.287566632976,25051.416073526798,13763.174316430335,13440.367151040893,23310.732635315748,0.0,0.9077772804738433,3.077307841490737,1.233526228183858,0.4396562997659458
90,4758.63306669845,3225.9995371090354,1884.7377578330882,16162.119214079148,13763.174132751183,9083.958190004763,1069.4575059030583,0.0,1.2769401255651889,3.300442377714619,0.8061050151711298,0.7201654550765457
91,6300.847963386127,4695.8960085504905,3642.71195506905,12948.137188115192,13763.108658870371,6402.475533391622,0.32627148522565513,0.0,1.1878186130315842,3.219448384527891,0.7201178339163821,0.5997643955471631
92,14198.60440161087,25131.524867852408,11194.381530963286,24278.874707697287,13763.175382694302,8514.69007888048,24110.667168958644,0.0,0.7137236190814138,3.7448768235275156,1.419880118513884,0.5227057857936108
93,12864.484675012678,22730.78275058302,10206.9713348752,23950.60977960839,13763.1743514125,15567.394790642371,25001.962155197056,0.0,1.0879791333601156,3.809119111467931,1.1855417135247945,0.4350737542496348
94,3741.9733293539425,817.4106583320491,2937.0993304815456,15931.411223384308,12621.801826594372,6746.661974787749,21897.338471322197,0.0,0.845890040871802,3.71107489606947,1.324356273570143,1.4190073777014829
95,6953.542209201481,6407.872793160339,7778.446344824264,28059.525952239655,13763.171194883746,15577.205938267927,25001.987548915404,0.0,1.1362216834237038,3.7329691270800427,1.5240514420791067,0.785562048826536
96,7236.358350183642,770.3991692978476,0.3206411159891287,6404.855519869819,2818.7270297361883,0.16127556416338384,0.21232728946435264,0.0,0.29235832883894386,3.8068005047147846,1.0100268329893547,1.2620836383443885
97,2797.5400045264682,859.790493774291,1286.6812181831313,17429.578387372152,13763.162634580867,7777.700015583247,24078.47565927798,0.0,1.00884830273906,3.7695235249745473,1.2190140196067456,1.463506161223519
98,8637.032804523664,11270.640769570413,4156.141825614175,13574.646992946426,9981.751606805867,1749.7114833688136,9231.881345332375,0.0,0.43554264620580707,3.7794338743083165,1.3109362951310954,0.7585177017076532
99,1733.062035715857,1160.5143241512612,1.2370247316297533,14446.303847219668,13062.692453174082,6402.705009681261,1331.6151273459325,0.0,1.2094267196118311,3.659705439571004,0.825700437970404,1.521117655195623
